0,1,2,3,4,5,6,7,8,9,10
0112221,虛擬實境與擴增實境,電腦動畫與特效,電腦視覺,高等UNIX程式設計,演算法,使用者經驗與易用性評估,作業系統設計與實作,人工智慧,編譯器設計,深度學習與實務
0113110,無線網路,數位遊戲與學習,虛擬實境與擴增實境,電腦動畫與特效,電腦視覺,演算法,高等UNIX程式設計,使用者經驗與易用性評估,演化計算,編譯器設計
0116063,無線網路,高等UNIX程式設計,電腦視覺,電腦動畫與特效,演算法,作業系統設計與實作,使用者經驗與易用性評估,人工智慧,演化計算,深度學習與實務
0116076,無線網路,虛擬實境與擴增實境,高等UNIX程式設計,電腦視覺,電腦動畫與特效,作業系統設計與實作,使用者經驗與易用性評估,人工智慧,演化計算,演算法
0116089,無線網路,數位遊戲與學習,電腦動畫與特效,虛擬實境與擴增實境,電腦視覺,高等UNIX程式設計,演算法,使用者經驗與易用性評估,作業系統設計與實作,編譯器設計
0116249,數位遊戲與學習,虛擬實境與擴增實境,電腦視覺,高等UNIX程式設計,電腦動畫與特效,作業系統設計與實作,使用者經驗與易用性評估,人工智慧,演化計算,深度學習與實務
0116251,數位遊戲與學習,虛擬實境與擴增實境,高等UNIX程式設計,電腦視覺,電腦動畫與特效,演算法,作業系統設計與實作,使用者經驗與易用性評估,人工智慧,演化計算
0210186,無線網路,數位遊戲與學習,虛擬實境與擴增實境,電腦視覺,高等UNIX程式設計,電腦動畫與特效,,,,
0210529,無線網路,數位遊戲與學習,虛擬實境與擴增實境,電腦視覺,高等UNIX程式設計,電腦動畫與特效,,,,
0211229,無線網路,數位遊戲與學習,虛擬實境與擴增實境,高等UNIX程式設計,電腦視覺,電腦動畫與特效,作業系統設計與實作,演算法,使用者經驗與易用性評估,人工智慧
0211230,無線網路,數位遊戲與學習,虛擬實境與擴增實境,電腦視覺,高等UNIX程式設計,電腦動畫與特效,演算法,作業系統設計與實作,使用者經驗與易用性評估,人工智慧
0211232,無線網路,數位遊戲與學習,虛擬實境與擴增實境,電腦動畫與特效,電腦視覺,高等UNIX程式設計,演算法,作業系統設計與實作,使用者經驗與易用性評估,人工智慧
0211261,無線網路,數位遊戲與學習,虛擬實境與擴增實境,電腦動畫與特效,電腦視覺,高等UNIX程式設計,演算法,作業系統設計與實作,使用者經驗與易用性評估,人工智慧
0213344,無線網路,數位遊戲與學習,電腦動畫與特效,電腦視覺,虛擬實境與擴增實境,高等UNIX程式設計,演算法,使用者經驗與易用性評估,作業系統設計與實作,編譯器設計
0213355,無線網路,數位遊戲與學習,虛擬實境與擴增實境,電腦視覺,高等UNIX程式設計,電腦動畫與特效,,,,
0216008,無線網路,數位遊戲與學習,電腦動畫與特效,虛擬實境與擴增實境,電腦視覺,演算法,高等UNIX程式設計,使用者經驗與易用性評估,編譯器設計,作業系統設計與實作
0216011,無線網路,數位遊戲與學習,虛擬實境與擴增實境,高等UNIX程式設計,電腦視覺,電腦動畫與特效,作業系統設計與實作,使用者經驗與易用性評估,演算法,人工智慧
0216014,無線網路,數位遊戲與學習,電腦動畫與特效,虛擬實境與擴增實境,電腦視覺,高等UNIX程式設計,演算法,使用者經驗與易用性評估,作業系統設計與實作,編譯器設計
0216030,無線網路,數位遊戲與學習,虛擬實境與擴增實境,電腦動畫與特效,電腦視覺,高等UNIX程式設計,演算法,使用者經驗與易用性評估,作業系統設計與實作,演化計算
0216048,無線網路,數位遊戲與學習,電腦動畫與特效,高等UNIX程式設計,虛擬實境與擴增實境,電腦視覺,演算法,作業系統設計與實作,使用者經驗與易用性評估,人工智慧
0216050,無線網路,數位遊戲與學習,虛擬實境與擴增實境,電腦動畫與特效,電腦視覺,高等UNIX程式設計,演算法,使用者經驗與易用性評估,作業系統設計與實作,編譯器設計
0216061,無線網路,數位遊戲與學習,高等UNIX程式設計,虛擬實境與擴增實境,電腦視覺,電腦動畫與特效,演算法,作業系統設計與實作,使用者經驗與易用性評估,人工智慧
0216065,無線網路,數位遊戲與學習,電腦動畫與特效,虛擬實境與擴增實境,電腦視覺,高等UNIX程式設計,演算法,使用者經驗與易用性評估,作業系統設計與實作,編譯器設計
0216068,數位遊戲與學習,虛擬實境與擴增實境,電腦動畫與特效,電腦視覺,高等UNIX程式設計,演算法,作業系統設計與實作,使用者經驗與易用性評估,人工智慧,編譯器設計
0216070,無線網路,數位遊戲與學習,電腦動畫與特效,虛擬實境與擴增實境,電腦視覺,高等UNIX程式設計,演算法,使用者經驗與易用性評估,作業系統設計與實作,編譯器設計
0216089,無線網路,數位遊戲與學習,虛擬實境與擴增實境,電腦視覺,高等UNIX程式設計,電腦動畫與特效,演算法,作業系統設計與實作,人工智慧,編譯器設計
0216092,數位遊戲與學習,電腦視覺,虛擬實境與擴增實境,高等UNIX程式設計,電腦動畫與特效,演算法,作業系統設計與實作,使用者經驗與易用性評估,人工智慧,演化計算
0216093,無線網路,數位遊戲與學習,高等UNIX程式設計,虛擬實境與擴增實境,電腦視覺,電腦動畫與特效,演算法,作業系統設計與實作,使用者經驗與易用性評估,人工智慧
0216098,無線網路,數位遊戲與學習,高等UNIX程式設計,虛擬實境與擴增實境,電腦視覺,電腦動畫與特效,作業系統設計與實作,演算法,使用者經驗與易用性評估,人工智慧
0216207,無線網路,數位遊戲與學習,虛擬實境與擴增實境,高等UNIX程式設計,電腦動畫與特效,電腦視覺,演算法,作業系統設計與實作,使用者經驗與易用性評估,人工智慧
0216222,無線網路,數位遊戲與學習,虛擬實境與擴增實境,電腦動畫與特效,電腦視覺,高等UNIX程式設計,演算法,使用者經驗與易用性評估,作業系統設計與實作,人工智慧
0216228,數位遊戲與學習,虛擬實境與擴增實境,高等UNIX程式設計,電腦視覺,電腦動畫與特效,演算法,作業系統設計與實作,使用者經驗與易用性評估,人工智慧,演化計算
0216244,無線網路,數位遊戲與學習,電腦視覺,電腦動畫與特效,虛擬實境與擴增實境,高等UNIX程式設計,演算法,使用者經驗與易用性評估,作業系統設計與實作,人工智慧
0216246,無線網路,數位遊戲與學習,虛擬實境與擴增實境,高等UNIX程式設計,電腦視覺,電腦動畫與特效,作業系統設計與實作,使用者經驗與易用性評估,人工智慧,演化計算
0216247,無線網路,數位遊戲與學習,虛擬實境與擴增實境,高等UNIX程式設計,電腦視覺,電腦動畫與特效,作業系統設計與實作,使用者經驗與易用性評估,人工智慧,演算法
0216248,無線網路,數位遊戲與學習,虛擬實境與擴增實境,高等UNIX程式設計,電腦視覺,電腦動畫與特效,演算法,作業系統設計與實作,使用者經驗與易用性評估,人工智慧
0216301,無線網路,虛擬實境與擴增實境,電腦視覺,電腦動畫與特效,高等UNIX程式設計,演算法,使用者經驗與易用性評估,作業系統設計與實作,人工智慧,演化計算
0216302,無線網路,數位遊戲與學習,虛擬實境與擴增實境,高等UNIX程式設計,電腦視覺,電腦動畫與特效,作業系統設計與實作,使用者經驗與易用性評估,演算法,人工智慧
0216303,無線網路,數位遊戲與學習,虛擬實境與擴增實境,高等UNIX程式設計,電腦視覺,電腦動畫與特效,作業系統設計與實作,演算法,使用者經驗與易用性評估,人工智慧
0216308,無線網路,數位遊戲與學習,虛擬實境與擴增實境,電腦動畫與特效,電腦視覺,演算法,高等UNIX程式設計,使用者經驗與易用性評估,演化計算,編譯器設計
0216315,無線網路,數位遊戲與學習,電腦視覺,高等UNIX程式設計,演算法,使用者經驗與易用性評估,作業系統設計與實作,人工智慧,演化計算,深度學習與實務
0216322,虛擬實境與擴增實境,高等UNIX程式設計,電腦視覺,電腦動畫與特效,作業系統設計與實作,演算法,使用者經驗與易用性評估,人工智慧,演化計算,深度學習與實務
0216323,無線網路,數位遊戲與學習,電腦動畫與特效,虛擬實境與擴增實境,電腦視覺,演算法,使用者經驗與易用性評估,演化計算,編譯器設計,作業系統設計與實作
0216326,無線網路,數位遊戲與學習,電腦動畫與特效,虛擬實境與擴增實境,電腦視覺,演算法,高等UNIX程式設計,編譯器設計,演化計算,深度學習與實務
0216330,無線網路,數位遊戲與學習,高等UNIX程式設計,虛擬實境與擴增實境,電腦視覺,電腦動畫與特效,演算法,作業系統設計與實作,使用者經驗與易用性評估,人工智慧
0216338,無線網路,數位遊戲與學習,電腦動畫與特效,電腦視覺,高等UNIX程式設計,演算法,作業系統設計與實作,使用者經驗與易用性評估,人工智慧,演化計算
0216341,虛擬實境與擴增實境,電腦視覺,高等UNIX程式設計,電腦動畫與特效,演算法,作業系統設計與實作,使用者經驗與易用性評估,人工智慧,演化計算,深度學習與實務
0310002,無線網路,數位遊戲與學習,虛擬實境與擴增實境,電腦視覺,高等UNIX程式設計,電腦動畫與特效,,,,
0310009,無線網路,數位遊戲與學習,虛擬實境與擴增實境,電腦視覺,高等UNIX程式設計,電腦動畫與特效,,,,
0310511,無線網路,數位遊戲與學習,虛擬實境與擴增實境,電腦動畫與特效,電腦視覺,演算法,高等UNIX程式設計,使用者經驗與易用性評估,演化計算,編譯器設計
0311020,無線網路,數位遊戲與學習,電腦動畫與特效,虛擬實境與擴增實境,電腦視覺,高等UNIX程式設計,演算法,使用者經驗與易用性評估,作業系統設計與實作,編譯器設計
0311035,無線網路,數位遊戲與學習,虛擬實境與擴增實境,電腦動畫與特效,演算法,高等UNIX程式設計,使用者經驗與易用性評估,演化計算,編譯器設計,深度學習與實務
0311222,無線網路,數位遊戲與學習,電腦動畫與特效,虛擬實境與擴增實境,電腦視覺,演算法,高等UNIX程式設計,使用者經驗與易用性評估,編譯器設計,作業系統設計與實作
0311241,無線網路,數位遊戲與學習,電腦動畫與特效,虛擬實境與擴增實境,電腦視覺,演算法,高等UNIX程式設計,使用者經驗與易用性評估,編譯器設計,作業系統設計與實作
0311258,無線網路,數位遊戲與學習,高等UNIX程式設計,虛擬實境與擴增實境,電腦視覺,電腦動畫與特效,演算法,作業系統設計與實作,使用者經驗與易用性評估,人工智慧
0311274,無線網路,數位遊戲與學習,電腦動畫與特效,虛擬實境與擴增實境,電腦視覺,高等UNIX程式設計,演算法,使用者經驗與易用性評估,作業系統設計與實作,人工智慧
0311550,數位遊戲與學習,虛擬實境與擴增實境,高等UNIX程式設計,電腦視覺,電腦動畫與特效,作業系統設計與實作,演算法,使用者經驗與易用性評估,人工智慧,演化計算
0311614,無線網路,數位遊戲與學習,虛擬實境與擴增實境,高等UNIX程式設計,電腦視覺,電腦動畫與特效,作業系統設計與實作,使用者經驗與易用性評估,人工智慧,演化計算
0312012,無線網路,數位遊戲與學習,虛擬實境與擴增實境,高等UNIX程式設計,電腦動畫與特效,電腦視覺,演算法,作業系統設計與實作,使用者經驗與易用性評估,人工智慧
0312203,無線網路,數位遊戲與學習,電腦動畫與特效,虛擬實境與擴增實境,演算法,使用者經驗與易用性評估,編譯器設計,演化計算,作業系統設計與實作,深度學習與實務
0312209,無線網路,數位遊戲與學習,虛擬實境與擴增實境,電腦動畫與特效,電腦視覺,演算法,高等UNIX程式設計,使用者經驗與易用性評估,作業系統設計與實作,演化計算
0312236,無線網路,數位遊戲與學習,虛擬實境與擴增實境,電腦動畫與特效,電腦視覺,高等UNIX程式設計,演算法,使用者經驗與易用性評估,作業系統設計與實作,人工智慧
0312238,數位遊戲與學習,虛擬實境與擴增實境,電腦動畫與特效,電腦視覺,演算法,高等UNIX程式設計,使用者經驗與易用性評估,演化計算,編譯器設計,深度學習與實務
0312510,無線網路,數位遊戲與學習,虛擬實境與擴增實境,電腦視覺,高等UNIX程式設計,電腦動畫與特效,,,,
0312512,無線網路,數位遊戲與學習,電腦動畫與特效,虛擬實境與擴增實境,電腦視覺,演算法,高等UNIX程式設計,使用者經驗與易用性評估,編譯器設計,演化計算
0312546,數位遊戲與學習,高等UNIX程式設計,虛擬實境與擴增實境,電腦視覺,電腦動畫與特效,演算法,作業系統設計與實作,使用者經驗與易用性評估,人工智慧,演化計算
0313335,無線網路,電腦動畫與特效,虛擬實境與擴增實境,電腦視覺,高等UNIX程式設計,演算法,使用者經驗與易用性評估,作業系統設計與實作,編譯器設計,人工智慧
0313342,電腦動畫與特效,虛擬實境與擴增實境,電腦視覺,演算法,高等UNIX程式設計,使用者經驗與易用性評估,編譯器設計,演化計算,深度學習與實務,人工智慧
0313354,無線網路,數位遊戲與學習,電腦動畫與特效,電腦視覺,虛擬實境與擴增實境,演算法,高等UNIX程式設計,使用者經驗與易用性評估,作業系統設計與實作,編譯器設計
0313404,無線網路,數位遊戲與學習,虛擬實境與擴增實境,電腦動畫與特效,電腦視覺,高等UNIX程式設計,使用者經驗與易用性評估,演化計算,編譯器設計,深度學習與實務
0313415,無線網路,數位遊戲與學習,虛擬實境與擴增實境,電腦視覺,高等UNIX程式設計,電腦動畫與特效,演算法,作業系統設計與實作,使用者經驗與易用性評估,人工智慧
0316001,無線網路,數位遊戲與學習,電腦動畫與特效,虛擬實境與擴增實境,電腦視覺,演算法,高等UNIX程式設計,使用者經驗與易用性評估,編譯器設計,演化計算
0316002,無線網路,數位遊戲與學習,電腦動畫與特效,虛擬實境與擴增實境,電腦視覺,演算法,高等UNIX程式設計,使用者經驗與易用性評估,編譯器設計,演化計算
0316003,無線網路,數位遊戲與學習,虛擬實境與擴增實境,電腦動畫與特效,高等UNIX程式設計,電腦視覺,演算法,作業系統設計與實作,使用者經驗與易用性評估,人工智慧
0316004,無線網路,數位遊戲與學習,電腦動畫與特效,虛擬實境與擴增實境,電腦視覺,演算法,高等UNIX程式設計,使用者經驗與易用性評估,編譯器設計,演化計算
0316005,無線網路,數位遊戲與學習,電腦動畫與特效,虛擬實境與擴增實境,電腦視覺,演算法,高等UNIX程式設計,編譯器設計,作業系統設計與實作,演化計算
0316006,無線網路,數位遊戲與學習,電腦動畫與特效,虛擬實境與擴增實境,電腦視覺,高等UNIX程式設計,演算法,使用者經驗與易用性評估,作業系統設計與實作,編譯器設計
0316007,無線網路,電腦動畫與特效,虛擬實境與擴增實境,電腦視覺,演算法,高等UNIX程式設計,使用者經驗與易用性評估,編譯器設計,演化計算,深度學習與實務
0316010,數位遊戲與學習,電腦動畫與特效,虛擬實境與擴增實境,電腦視覺,演算法,高等UNIX程式設計,使用者經驗與易用性評估,編譯器設計,作業系統設計與實作,演化計算
0316011,無線網路,虛擬實境與擴增實境,電腦動畫與特效,電腦視覺,演算法,高等UNIX程式設計,使用者經驗與易用性評估,作業系統設計與實作,編譯器設計,人工智慧
0316012,無線網路,數位遊戲與學習,電腦動畫與特效,虛擬實境與擴增實境,電腦視覺,演算法,高等UNIX程式設計,使用者經驗與易用性評估,編譯器設計,作業系統設計與實作
0316013,無線網路,數位遊戲與學習,電腦動畫與特效,虛擬實境與擴增實境,電腦視覺,高等UNIX程式設計,演算法,作業系統設計與實作,編譯器設計,演化計算
0316014,數位遊戲與學習,虛擬實境與擴增實境,電腦動畫與特效,電腦視覺,演算法,高等UNIX程式設計,使用者經驗與易用性評估,演化計算,編譯器設計,深度學習與實務
0316015,數位遊戲與學習,電腦動畫與特效,虛擬實境與擴增實境,電腦視覺,高等UNIX程式設計,演算法,使用者經驗與易用性評估,作業系統設計與實作,人工智慧,編譯器設計
0316016,無線網路,數位遊戲與學習,電腦動畫與特效,虛擬實境與擴增實境,演算法,高等UNIX程式設計,使用者經驗與易用性評估,編譯器設計,演化計算,作業系統設計與實作
0316017,無線網路,虛擬實境與擴增實境,電腦動畫與特效,高等UNIX程式設計,演算法,使用者經驗與易用性評估,作業系統設計與實作,編譯器設計,演化計算,深度學習與實務
0316018,數位遊戲與學習,電腦動畫與特效,虛擬實境與擴增實境,電腦視覺,演算法,使用者經驗與易用性評估,演化計算,編譯器設計,深度學習與實務,人工智慧
0316019,無線網路,數位遊戲與學習,虛擬實境與擴增實境,高等UNIX程式設計,電腦視覺,電腦動畫與特效,作業系統設計與實作,使用者經驗與易用性評估,演算法,人工智慧
0316020,數位遊戲與學習,電腦動畫與特效,虛擬實境與擴增實境,電腦視覺,演算法,高等UNIX程式設計,使用者經驗與易用性評估,編譯器設計,作業系統設計與實作,演化計算
0316023,無線網路,數位遊戲與學習,虛擬實境與擴增實境,高等UNIX程式設計,電腦動畫與特效,電腦視覺,演算法,作業系統設計與實作,使用者經驗與易用性評估,人工智慧
0316024,無線網路,數位遊戲與學習,電腦動畫與特效,演算法,高等UNIX程式設計,使用者經驗與易用性評估,編譯器設計,演化計算,作業系統設計與實作,深度學習與實務
0316025,無線網路,數位遊戲與學習,虛擬實境與擴增實境,電腦動畫與特效,電腦視覺,演算法,使用者經驗與易用性評估,演化計算,編譯器設計,深度學習與實務
0316026,數位遊戲與學習,電腦動畫與特效,虛擬實境與擴增實境,電腦視覺,演算法,高等UNIX程式設計,使用者經驗與易用性評估,編譯器設計,演化計算,人工智慧
0316027,數位遊戲與學習,電腦動畫與特效,虛擬實境與擴增實境,電腦視覺,演算法,高等UNIX程式設計,使用者經驗與易用性評估,編譯器設計,演化計算,作業系統設計與實作
0316028,無線網路,電腦動畫與特效,演算法,高等UNIX程式設計,使用者經驗與易用性評估,編譯器設計,演化計算,深度學習與實務,作業系統設計與實作,人工智慧
0316029,無線網路,數位遊戲與學習,電腦動畫與特效,虛擬實境與擴增實境,電腦視覺,演算法,高等UNIX程式設計,使用者經驗與易用性評估,編譯器設計,演化計算
0316030,數位遊戲與學習,電腦動畫與特效,虛擬實境與擴增實境,電腦視覺,高等UNIX程式設計,演算法,使用者經驗與易用性評估,作業系統設計與實作,編譯器設計,演化計算
0316031,無線網路,數位遊戲與學習,電腦動畫與特效,虛擬實境與擴增實境,電腦視覺,演算法,高等UNIX程式設計,使用者經驗與易用性評估,編譯器設計,作業系統設計與實作
0316032,無線網路,數位遊戲與學習,電腦動畫與特效,虛擬實境與擴增實境,電腦視覺,高等UNIX程式設計,演算法,使用者經驗與易用性評估,作業系統設計與實作,編譯器設計
0316033,無線網路,數位遊戲與學習,虛擬實境與擴增實境,電腦視覺,高等UNIX程式設計,電腦動畫與特效,,,,
0316034,無線網路,數位遊戲與學習,電腦動畫與特效,虛擬實境與擴增實境,電腦視覺,演算法,高等UNIX程式設計,使用者經驗與易用性評估,編譯器設計,作業系統設計與實作
0316035,無線網路,數位遊戲與學習,電腦動畫與特效,虛擬實境與擴增實境,電腦視覺,演算法,高等UNIX程式設計,使用者經驗與易用性評估,編譯器設計,演化計算
0316036,數位遊戲與學習,高等UNIX程式設計,虛擬實境與擴增實境,電腦視覺,電腦動畫與特效,作業系統設計與實作,演算法,使用者經驗與易用性評估,人工智慧,深度學習與實務
0316037,電腦動畫與特效,虛擬實境與擴增實境,電腦視覺,演算法,高等UNIX程式設計,使用者經驗與易用性評估,編譯器設計,演化計算,深度學習與實務,作業系統設計與實作
0316038,無線網路,數位遊戲與學習,電腦動畫與特效,虛擬實境與擴增實境,電腦視覺,演算法,高等UNIX程式設計,使用者經驗與易用性評估,編譯器設計,作業系統設計與實作
0316039,無線網路,數位遊戲與學習,電腦動畫與特效,電腦視覺,高等UNIX程式設計,演算法,使用者經驗與易用性評估,作業系統設計與實作,編譯器設計,人工智慧
0316041,數位遊戲與學習,電腦動畫與特效,電腦視覺,虛擬實境與擴增實境,高等UNIX程式設計,演算法,作業系統設計與實作,使用者經驗與易用性評估,人工智慧,編譯器設計
0316042,無線網路,數位遊戲與學習,電腦動畫與特效,電腦視覺,虛擬實境與擴增實境,高等UNIX程式設計,演算法,使用者經驗與易用性評估,作業系統設計與實作,編譯器設計
0316043,無線網路,數位遊戲與學習,電腦動畫與特效,虛擬實境與擴增實境,電腦視覺,演算法,高等UNIX程式設計,使用者經驗與易用性評估,編譯器設計,作業系統設計與實作
0316044,無線網路,數位遊戲與學習,虛擬實境與擴增實境,電腦動畫與特效,電腦視覺,高等UNIX程式設計,演算法,使用者經驗與易用性評估,作業系統設計與實作,演化計算
0316045,無線網路,數位遊戲與學習,高等UNIX程式設計,虛擬實境與擴增實境,電腦動畫與特效,電腦視覺,作業系統設計與實作,使用者經驗與易用性評估,人工智慧,演化計算
0316046,數位遊戲與學習,電腦動畫與特效,虛擬實境與擴增實境,電腦視覺,演算法,高等UNIX程式設計,使用者經驗與易用性評估,編譯器設計,作業系統設計與實作,演化計算
0316047,無線網路,數位遊戲與學習,電腦動畫與特效,虛擬實境與擴增實境,電腦視覺,高等UNIX程式設計,演算法,使用者經驗與易用性評估,作業系統設計與實作,編譯器設計
0316048,無線網路,數位遊戲與學習,虛擬實境與擴增實境,電腦動畫與特效,演算法,使用者經驗與易用性評估,演化計算,編譯器設計,深度學習與實務,人工智慧
0316049,無線網路,數位遊戲與學習,電腦動畫與特效,虛擬實境與擴增實境,演算法,高等UNIX程式設計,使用者經驗與易用性評估,編譯器設計,演化計算,作業系統設計與實作
0316050,無線網路,數位遊戲與學習,高等UNIX程式設計,電腦視覺,電腦動畫與特效,演算法,作業系統設計與實作,使用者經驗與易用性評估,人工智慧,深度學習與實務
0316051,無線網路,電腦動畫與特效,虛擬實境與擴增實境,電腦視覺,演算法,高等UNIX程式設計,使用者經驗與易用性評估,演化計算,編譯器設計,深度學習與實務
0316052,無線網路,數位遊戲與學習,高等UNIX程式設計,虛擬實境與擴增實境,電腦視覺,電腦動畫與特效,演算法,使用者經驗與易用性評估,人工智慧,演化計算
0316053,無線網路,電腦動畫與特效,電腦視覺,演算法,高等UNIX程式設計,使用者經驗與易用性評估,編譯器設計,演化計算,作業系統設計與實作,深度學習與實務
0316054,數位遊戲與學習,電腦動畫與特效,高等UNIX程式設計,演算法,使用者經驗與易用性評估,作業系統設計與實作,編譯器設計,人工智慧,演化計算,深度學習與實務
0316055,無線網路,數位遊戲與學習,電腦動畫與特效,虛擬實境與擴增實境,電腦視覺,高等UNIX程式設計,演化計算,編譯器設計,作業系統設計與實作,深度學習與實務
0316056,數位遊戲與學習,電腦動畫與特效,虛擬實境與擴增實境,電腦視覺,高等UNIX程式設計,演算法,使用者經驗與易用性評估,作業系統設計與實作,編譯器設計,人工智慧
0316057,無線網路,電腦動畫與特效,電腦視覺,演算法,高等UNIX程式設計,使用者經驗與易用性評估,編譯器設計,作業系統設計與實作,人工智慧,演化計算
0316058,數位遊戲與學習,電腦動畫與特效,虛擬實境與擴增實境,電腦視覺,高等UNIX程式設計,演算法,使用者經驗與易用性評估,作業系統設計與實作,編譯器設計,人工智慧
0316059,無線網路,數位遊戲與學習,高等UNIX程式設計,電腦動畫與特效,虛擬實境與擴增實境,演算法,作業系統設計與實作,人工智慧,編譯器設計,演化計算
0316060,數位遊戲與學習,電腦動畫與特效,虛擬實境與擴增實境,電腦視覺,高等UNIX程式設計,演算法,使用者經驗與易用性評估,作業系統設計與實作,編譯器設計,人工智慧
0316061,電腦動畫與特效,虛擬實境與擴增實境,電腦視覺,演算法,高等UNIX程式設計,使用者經驗與易用性評估,編譯器設計,演化計算,作業系統設計與實作,深度學習與實務
0316062,無線網路,電腦動畫與特效,電腦視覺,高等UNIX程式設計,使用者經驗與易用性評估,編譯器設計,作業系統設計與實作,深度學習與實務,人工智慧,網際網路路由器
0316063,無線網路,數位遊戲與學習,電腦動畫與特效,虛擬實境與擴增實境,電腦視覺,演算法,高等UNIX程式設計,使用者經驗與易用性評估,編譯器設計,演化計算
0316064,數位遊戲與學習,電腦動畫與特效,虛擬實境與擴增實境,電腦視覺,演算法,高等UNIX程式設計,使用者經驗與易用性評估,編譯器設計,演化計算,人工智慧
0316065,電腦動畫與特效,虛擬實境與擴增實境,電腦視覺,演算法,高等UNIX程式設計,使用者經驗與易用性評估,編譯器設計,作業系統設計與實作,演化計算,人工智慧
0316066,無線網路,電腦動畫與特效,虛擬實境與擴增實境,電腦視覺,演算法,高等UNIX程式設計,使用者經驗與易用性評估,編譯器設計,作業系統設計與實作,演化計算
0316067,無線網路,數位遊戲與學習,電腦動畫與特效,虛擬實境與擴增實境,電腦視覺,演算法,高等UNIX程式設計,使用者經驗與易用性評估,編譯器設計,演化計算
0316069,無線網路,數位遊戲與學習,電腦視覺,虛擬實境與擴增實境,電腦動畫與特效,高等UNIX程式設計,演算法,使用者經驗與易用性評估,作業系統設計與實作,人工智慧
0316070,無線網路,數位遊戲與學習,虛擬實境與擴增實境,高等UNIX程式設計,電腦動畫與特效,電腦視覺,演算法,作業系統設計與實作,使用者經驗與易用性評估,人工智慧
0316071,無線網路,數位遊戲與學習,電腦動畫與特效,虛擬實境與擴增實境,演算法,高等UNIX程式設計,使用者經驗與易用性評估,編譯器設計,演化計算,深度學習與實務
0316073,無線網路,數位遊戲與學習,虛擬實境與擴增實境,電腦動畫與特效,電腦視覺,高等UNIX程式設計,演算法,使用者經驗與易用性評估,作業系統設計與實作,編譯器設計
0316074,無線網路,數位遊戲與學習,虛擬實境與擴增實境,高等UNIX程式設計,電腦動畫與特效,作業系統設計與實作,使用者經驗與易用性評估,演化計算,深度學習與實務,機器學習
0316076,無線網路,數位遊戲與學習,虛擬實境與擴增實境,電腦視覺,演算法,高等UNIX程式設計,使用者經驗與易用性評估,編譯器設計,演化計算,作業系統設計與實作
0316077,無線網路,數位遊戲與學習,虛擬實境與擴增實境,高等UNIX程式設計,電腦視覺,電腦動畫與特效,作業系統設計與實作,使用者經驗與易用性評估,人工智慧,演化計算
0316078,無線網路,電腦動畫與特效,電腦視覺,虛擬實境與擴增實境,演算法,高等UNIX程式設計,使用者經驗與易用性評估,作業系統設計與實作,編譯器設計,人工智慧
0316080,數位遊戲與學習,電腦動畫與特效,虛擬實境與擴增實境,電腦視覺,演算法,高等UNIX程式設計,使用者經驗與易用性評估,編譯器設計,演化計算,深度學習與實務
0316081,數位遊戲與學習,虛擬實境與擴增實境,電腦動畫與特效,電腦視覺,演算法,高等UNIX程式設計,使用者經驗與易用性評估,演化計算,編譯器設計,深度學習與實務
0316083,無線網路,數位遊戲與學習,虛擬實境與擴增實境,電腦動畫與特效,電腦視覺,高等UNIX程式設計,演算法,作業系統設計與實作,演化計算,深度學習與實務
0316084,無線網路,數位遊戲與學習,虛擬實境與擴增實境,高等UNIX程式設計,電腦視覺,電腦動畫與特效,作業系統設計與實作,使用者經驗與易用性評估,人工智慧,演算法
0316085,無線網路,數位遊戲與學習,電腦動畫與特效,虛擬實境與擴增實境,電腦視覺,演算法,高等UNIX程式設計,使用者經驗與易用性評估,編譯器設計,演化計算
0316086,無線網路,數位遊戲與學習,電腦動畫與特效,電腦視覺,虛擬實境與擴增實境,演算法,高等UNIX程式設計,使用者經驗與易用性評估,編譯器設計,作業系統設計與實作
0316087,無線網路,數位遊戲與學習,電腦動畫與特效,虛擬實境與擴增實境,電腦視覺,演算法,高等UNIX程式設計,使用者經驗與易用性評估,作業系統設計與實作,編譯器設計
0316088,數位遊戲與學習,高等UNIX程式設計,演算法,使用者經驗與易用性評估,作業系統設計與實作,編譯器設計,人工智慧,演化計算,深度學習與實務,作業系統
0316089,無線網路,高等UNIX程式設計,虛擬實境與擴增實境,電腦視覺,電腦動畫與特效,演算法,作業系統設計與實作,使用者經驗與易用性評估,人工智慧,演化計算
0316090,無線網路,電腦動畫與特效,電腦視覺,演算法,高等UNIX程式設計,使用者經驗與易用性評估,編譯器設計,作業系統設計與實作,演化計算,人工智慧
0316091,數位遊戲與學習,電腦動畫與特效,虛擬實境與擴增實境,電腦視覺,演算法,高等UNIX程式設計,使用者經驗與易用性評估,編譯器設計,作業系統設計與實作,演化計算
0316092,無線網路,數位遊戲與學習,電腦動畫與特效,虛擬實境與擴增實境,電腦視覺,演算法,高等UNIX程式設計,使用者經驗與易用性評估,編譯器設計,演化計算
0316094,數位遊戲與學習,電腦動畫與特效,虛擬實境與擴增實境,電腦視覺,高等UNIX程式設計,演算法,使用者經驗與易用性評估,作業系統設計與實作,編譯器設計,人工智慧
0316095,數位遊戲與學習,電腦動畫與特效,虛擬實境與擴增實境,電腦視覺,演算法,使用者經驗與易用性評估,演化計算,編譯器設計,深度學習與實務,人工智慧
0316096,無線網路,數位遊戲與學習,虛擬實境與擴增實境,電腦動畫與特效,電腦視覺,高等UNIX程式設計,演算法,使用者經驗與易用性評估,作業系統設計與實作,人工智慧
0316097,無線網路,數位遊戲與學習,電腦動畫與特效,虛擬實境與擴增實境,電腦視覺,高等UNIX程式設計,演算法,使用者經驗與易用性評估,作業系統設計與實作,編譯器設計
0316098,電腦動畫與特效,虛擬實境與擴增實境,電腦視覺,高等UNIX程式設計,演算法,使用者經驗與易用性評估,作業系統設計與實作,編譯器設計,人工智慧,演化計算
0316100,無線網路,數位遊戲與學習,虛擬實境與擴增實境,電腦視覺,電腦動畫與特效,高等UNIX程式設計,使用者經驗與易用性評估,作業系統設計與實作,人工智慧,演化計算
0316101,無線網路,數位遊戲與學習,電腦動畫與特效,虛擬實境與擴增實境,電腦視覺,高等UNIX程式設計,演算法,使用者經驗與易用性評估,作業系統設計與實作,人工智慧
0316102,無線網路,電腦動畫與特效,虛擬實境與擴增實境,電腦視覺,高等UNIX程式設計,演算法,使用者經驗與易用性評估,作業系統設計與實作,編譯器設計,人工智慧
0316103,無線網路,數位遊戲與學習,虛擬實境與擴增實境,電腦動畫與特效,電腦視覺,演算法,使用者經驗與易用性評估,演化計算,編譯器設計,深度學習與實務
0316104,無線網路,數位遊戲與學習,電腦動畫與特效,虛擬實境與擴增實境,電腦視覺,演算法,使用者經驗與易用性評估,編譯器設計,演化計算,作業系統設計與實作
0316105,無線網路,數位遊戲與學習,高等UNIX程式設計,虛擬實境與擴增實境,電腦視覺,電腦動畫與特效,演算法,作業系統設計與實作,使用者經驗與易用性評估,人工智慧
0316107,無線網路,數位遊戲與學習,虛擬實境與擴增實境,高等UNIX程式設計,電腦動畫與特效,電腦視覺,演算法,作業系統設計與實作,使用者經驗與易用性評估,人工智慧
0316201,數位遊戲與學習,電腦動畫與特效,虛擬實境與擴增實境,電腦視覺,演算法,高等UNIX程式設計,使用者經驗與易用性評估,編譯器設計,作業系統設計與實作,演化計算
0316202,電腦視覺,電腦動畫與特效,虛擬實境與擴增實境,高等UNIX程式設計,演算法,使用者經驗與易用性評估,作業系統設計與實作,人工智慧,編譯器設計,演化計算
0316203,高等UNIX程式設計,電腦視覺,電腦動畫與特效,演算法,作業系統設計與實作,使用者經驗與易用性評估,人工智慧,演化計算,深度學習與實務,機器學習
0316204,數位遊戲與學習,電腦動畫與特效,電腦視覺,虛擬實境與擴增實境,演算法,高等UNIX程式設計,使用者經驗與易用性評估,作業系統設計與實作,編譯器設計,人工智慧
0316205,數位遊戲與學習,高等UNIX程式設計,虛擬實境與擴增實境,電腦視覺,電腦動畫與特效,作業系統設計與實作,演算法,使用者經驗與易用性評估,人工智慧,演化計算
0316206,數位遊戲與學習,電腦動畫與特效,高等UNIX程式設計,演算法,使用者經驗與易用性評估,作業系統設計與實作,人工智慧,編譯器設計,演化計算,深度學習與實務
0316207,數位遊戲與學習,電腦動畫與特效,虛擬實境與擴增實境,電腦視覺,演算法,使用者經驗與易用性評估,編譯器設計,演化計算,作業系統設計與實作,人工智慧
0316208,無線網路,數位遊戲與學習,虛擬實境與擴增實境,高等UNIX程式設計,電腦視覺,電腦動畫與特效,作業系統設計與實作,使用者經驗與易用性評估,人工智慧,演算法
0316209,電腦動畫與特效,虛擬實境與擴增實境,電腦視覺,演算法,使用者經驗與易用性評估,演化計算,編譯器設計,深度學習與實務,人工智慧,作業系統設計與實作
0316210,數位遊戲與學習,電腦視覺,虛擬實境與擴增實境,高等UNIX程式設計,電腦動畫與特效,演算法,作業系統設計與實作,使用者經驗與易用性評估,人工智慧,演化計算
0316211,數位遊戲與學習,電腦動畫與特效,電腦視覺,虛擬實境與擴增實境,高等UNIX程式設計,演算法,使用者經驗與易用性評估,作業系統設計與實作,編譯器設計,人工智慧
0316212,電腦動畫與特效,虛擬實境與擴增實境,電腦視覺,演算法,使用者經驗與易用性評估,演化計算,編譯器設計,深度學習與實務,人工智慧,作業系統設計與實作
0316213,無線網路,數位遊戲與學習,電腦動畫與特效,虛擬實境與擴增實境,電腦視覺,演算法,高等UNIX程式設計,使用者經驗與易用性評估,編譯器設計,作業系統設計與實作
0316214,電腦動畫與特效,電腦視覺,演算法,高等UNIX程式設計,使用者經驗與易用性評估,編譯器設計,作業系統設計與實作,演化計算,人工智慧,深度學習與實務
0316215,數位遊戲與學習,電腦視覺,電腦動畫與特效,虛擬實境與擴增實境,高等UNIX程式設計,演算法,使用者經驗與易用性評估,作業系統設計與實作,人工智慧,編譯器設計
0316217,數位遊戲與學習,電腦動畫與特效,電腦視覺,演算法,高等UNIX程式設計,使用者經驗與易用性評估,編譯器設計,作業系統設計與實作,人工智慧,演化計算
0316218,無線網路,數位遊戲與學習,電腦動畫與特效,虛擬實境與擴增實境,電腦視覺,演算法,高等UNIX程式設計,使用者經驗與易用性評估,編譯器設計,演化計算
0316219,無線網路,數位遊戲與學習,電腦動畫與特效,虛擬實境與擴增實境,電腦視覺,演算法,高等UNIX程式設計,使用者經驗與易用性評估,編譯器設計,作業系統設計與實作
0316220,無線網路,數位遊戲與學習,電腦動畫與特效,虛擬實境與擴增實境,電腦視覺,演算法,高等UNIX程式設計,使用者經驗與易用性評估,編譯器設計,作業系統設計與實作
0316221,無線網路,數位遊戲與學習,電腦動畫與特效,虛擬實境與擴增實境,電腦視覺,演算法,高等UNIX程式設計,使用者經驗與易用性評估,編譯器設計,演化計算
0316222,無線網路,數位遊戲與學習,虛擬實境與擴增實境,電腦動畫與特效,電腦視覺,演算法,使用者經驗與易用性評估,演化計算,編譯器設計,深度學習與實務
0316223,無線網路,數位遊戲與學習,電腦動畫與特效,虛擬實境與擴增實境,電腦視覺,高等UNIX程式設計,演算法,使用者經驗與易用性評估,作業系統設計與實作,編譯器設計
0316224,無線網路,數位遊戲與學習,電腦動畫與特效,電腦視覺,虛擬實境與擴增實境,高等UNIX程式設計,演算法,使用者經驗與易用性評估,作業系統設計與實作,編譯器設計
0316225,數位遊戲與學習,電腦視覺,電腦動畫與特效,虛擬實境與擴增實境,高等UNIX程式設計,演算法,使用者經驗與易用性評估,作業系統設計與實作,人工智慧,編譯器設計
0316226,無線網路,數位遊戲與學習,電腦動畫與特效,電腦視覺,虛擬實境與擴增實境,高等UNIX程式設計,演算法,使用者經驗與易用性評估,作業系統設計與實作,編譯器設計
0316227,數位遊戲與學習,電腦動畫與特效,虛擬實境與擴增實境,電腦視覺,演算法,高等UNIX程式設計,使用者經驗與易用性評估,編譯器設計,作業系統設計與實作,演化計算
0316228,數位遊戲與學習,電腦動畫與特效,電腦視覺,虛擬實境與擴增實境,高等UNIX程式設計,演算法,使用者經驗與易用性評估,作業系統設計與實作,人工智慧,編譯器設計
0316229,數位遊戲與學習,電腦動畫與特效,電腦視覺,虛擬實境與擴增實境,高等UNIX程式設計,演算法,使用者經驗與易用性評估,作業系統設計與實作,人工智慧,編譯器設計
0316230,無線網路,電腦視覺,電腦動畫與特效,高等UNIX程式設計,演算法,使用者經驗與易用性評估,作業系統設計與實作,人工智慧,演化計算,編譯器設計
0316231,無線網路,虛擬實境與擴增實境,高等UNIX程式設計,電腦視覺,電腦動畫與特效,作業系統設計與實作,使用者經驗與易用性評估,人工智慧,演算法,演化計算
0316232,無線網路,數位遊戲與學習,虛擬實境與擴增實境,電腦動畫與特效,演算法,高等UNIX程式設計,使用者經驗與易用性評估,演化計算,編譯器設計,深度學習與實務
0316234,無線網路,數位遊戲與學習,電腦動畫與特效,虛擬實境與擴增實境,電腦視覺,演算法,高等UNIX程式設計,使用者經驗與易用性評估,編譯器設計,作業系統設計與實作
0316235,無線網路,數位遊戲與學習,虛擬實境與擴增實境,電腦視覺,演算法,高等UNIX程式設計,使用者經驗與易用性評估,編譯器設計,演化計算,深度學習與實務
0316236,無線網路,數位遊戲與學習,虛擬實境與擴增實境,電腦動畫與特效,電腦視覺,演算法,使用者經驗與易用性評估,演化計算,編譯器設計,深度學習與實務
0316238,數位遊戲與學習,電腦動畫與特效,虛擬實境與擴增實境,電腦視覺,演算法,高等UNIX程式設計,使用者經驗與易用性評估,編譯器設計,演化計算,作業系統設計與實作
0316239,數位遊戲與學習,虛擬實境與擴增實境,電腦動畫與特效,電腦視覺,演算法,高等UNIX程式設計,使用者經驗與易用性評估,演化計算,編譯器設計,深度學習與實務
0316240,數位遊戲與學習,電腦動畫與特效,電腦視覺,虛擬實境與擴增實境,演算法,高等UNIX程式設計,使用者經驗與易用性評估,作業系統設計與實作,編譯器設計,人工智慧
0316241,無線網路,數位遊戲與學習,電腦動畫與特效,虛擬實境與擴增實境,電腦視覺,演算法,高等UNIX程式設計,使用者經驗與易用性評估,編譯器設計,演化計算
0316245,無線網路,數位遊戲與學習,虛擬實境與擴增實境,電腦視覺,高等UNIX程式設計,電腦動畫與特效,,,,
0316248,電腦動畫與特效,虛擬實境與擴增實境,電腦視覺,演算法,高等UNIX程式設計,使用者經驗與易用性評估,編譯器設計,演化計算,作業系統設計與實作,人工智慧
0316249,無線網路,數位遊戲與學習,虛擬實境與擴增實境,電腦視覺,高等UNIX程式設計,電腦動畫與特效,演算法,作業系統設計與實作,使用者經驗與易用性評估,人工智慧
0316253,虛擬實境與擴增實境,電腦視覺,高等UNIX程式設計,電腦動畫與特效,演算法,作業系統設計與實作,使用者經驗與易用性評估,人工智慧,演化計算,深度學習與實務
0316254,無線網路,數位遊戲與學習,虛擬實境與擴增實境,電腦動畫與特效,電腦視覺,高等UNIX程式設計,演算法,使用者經驗與易用性評估,作業系統設計與實作,編譯器設計
0316301,無線網路,虛擬實境與擴增實境,電腦動畫與特效,電腦視覺,高等UNIX程式設計,演算法,使用者經驗與易用性評估,作業系統設計與實作,人工智慧,演化計算
0316302,無線網路,數位遊戲與學習,虛擬實境與擴增實境,電腦動畫與特效,電腦視覺,演算法,使用者經驗與易用性評估,演化計算,編譯器設計,深度學習與實務
0316303,數位遊戲與學習,電腦動畫與特效,虛擬實境與擴增實境,電腦視覺,演算法,高等UNIX程式設計,使用者經驗與易用性評估,編譯器設計,演化計算,深度學習與實務
0316304,無線網路,數位遊戲與學習,虛擬實境與擴增實境,電腦動畫與特效,高等UNIX程式設計,演算法,使用者經驗與易用性評估,作業系統設計與實作,演化計算,人工智慧
0316305,數位遊戲與學習,虛擬實境與擴增實境,高等UNIX程式設計,電腦視覺,電腦動畫與特效,演算法,作業系統設計與實作,使用者經驗與易用性評估,人工智慧,演化計算
0316306,無線網路,數位遊戲與學習,虛擬實境與擴增實境,電腦動畫與特效,電腦視覺,演算法,高等UNIX程式設計,使用者經驗與易用性評估,演化計算,編譯器設計
0316307,無線網路,數位遊戲與學習,電腦動畫與特效,虛擬實境與擴增實境,電腦視覺,演算法,高等UNIX程式設計,使用者經驗與易用性評估,編譯器設計,演化計算
0316308,無線網路,數位遊戲與學習,電腦動畫與特效,虛擬實境與擴增實境,電腦視覺,演算法,高等UNIX程式設計,使用者經驗與易用性評估,編譯器設計,演化計算
0316309,無線網路,數位遊戲與學習,虛擬實境與擴增實境,電腦動畫與特效,電腦視覺,高等UNIX程式設計,演算法,使用者經驗與易用性評估,作業系統設計與實作,演化計算
0316310,數位遊戲與學習,虛擬實境與擴增實境,電腦動畫與特效,電腦視覺,演算法,高等UNIX程式設計,使用者經驗與易用性評估,演化計算,編譯器設計,深度學習與實務
0316311,無線網路,電腦動畫與特效,電腦視覺,演算法,高等UNIX程式設計,使用者經驗與易用性評估,演化計算,編譯器設計,深度學習與實務,作業系統設計與實作
0316312,無線網路,數位遊戲與學習,電腦視覺,電腦動畫與特效,高等UNIX程式設計,演算法,使用者經驗與易用性評估,作業系統設計與實作,人工智慧,演化計算
0316313,無線網路,數位遊戲與學習,虛擬實境與擴增實境,電腦動畫與特效,電腦視覺,演算法,使用者經驗與易用性評估,演化計算,深度學習與實務,人工智慧
0316314,無線網路,數位遊戲與學習,電腦動畫與特效,虛擬實境與擴增實境,電腦視覺,高等UNIX程式設計,使用者經驗與易用性評估,編譯器設計,演化計算,深度學習與實務
0316315,無線網路,數位遊戲與學習,電腦動畫與特效,虛擬實境與擴增實境,高等UNIX程式設計,演算法,使用者經驗與易用性評估,編譯器設計,作業系統設計與實作,演化計算
0316316,無線網路,數位遊戲與學習,虛擬實境與擴增實境,電腦動畫與特效,電腦視覺,演算法,高等UNIX程式設計,使用者經驗與易用性評估,演化計算,編譯器設計
0316317,無線網路,數位遊戲與學習,虛擬實境與擴增實境,電腦動畫與特效,電腦視覺,高等UNIX程式設計,演算法,演化計算,編譯器設計,作業系統設計與實作
0316318,無線網路,數位遊戲與學習,虛擬實境與擴增實境,電腦動畫與特效,電腦視覺,高等UNIX程式設計,演算法,作業系統設計與實作,使用者經驗與易用性評估,人工智慧
0316319,無線網路,數位遊戲與學習,電腦動畫與特效,虛擬實境與擴增實境,電腦視覺,演算法,高等UNIX程式設計,使用者經驗與易用性評估,編譯器設計,作業系統設計與實作
0316320,無線網路,數位遊戲與學習,虛擬實境與擴增實境,電腦動畫與特效,電腦視覺,演算法,使用者經驗與易用性評估,演化計算,編譯器設計,深度學習與實務
0316321,數位遊戲與學習,虛擬實境與擴增實境,電腦動畫與特效,電腦視覺,演算法,高等UNIX程式設計,使用者經驗與易用性評估,演化計算,編譯器設計,深度學習與實務
0316322,電腦動畫與特效,虛擬實境與擴增實境,電腦視覺,高等UNIX程式設計,演算法,作業系統設計與實作,使用者經驗與易用性評估,人工智慧,編譯器設計,演化計算
0316323,無線網路,數位遊戲與學習,電腦動畫與特效,虛擬實境與擴增實境,電腦視覺,演算法,高等UNIX程式設計,使用者經驗與易用性評估,編譯器設計,作業系統設計與實作
0316324,無線網路,電腦動畫與特效,虛擬實境與擴增實境,電腦視覺,演算法,高等UNIX程式設計,使用者經驗與易用性評估,編譯器設計,演化計算,作業系統設計與實作
0316325,電腦動畫與特效,電腦視覺,虛擬實境與擴增實境,演算法,高等UNIX程式設計,使用者經驗與易用性評估,作業系統設計與實作,編譯器設計,演化計算,人工智慧
0316327,無線網路,數位遊戲與學習,電腦動畫與特效,虛擬實境與擴增實境,電腦視覺,高等UNIX程式設計,演算法,使用者經驗與易用性評估,作業系統設計與實作,編譯器設計
0316328,無線網路,數位遊戲與學習,虛擬實境與擴增實境,電腦動畫與特效,演算法,高等UNIX程式設計,使用者經驗與易用性評估,演化計算,編譯器設計,深度學習與實務
0316329,數位遊戲與學習,電腦動畫與特效,虛擬實境與擴增實境,電腦視覺,高等UNIX程式設計,演算法,使用者經驗與易用性評估,作業系統設計與實作,編譯器設計,人工智慧
0316330,無線網路,數位遊戲與學習,電腦動畫與特效,虛擬實境與擴增實境,電腦視覺,演算法,高等UNIX程式設計,編譯器設計,演化計算,深度學習與實務
0316331,無線網路,數位遊戲與學習,電腦動畫與特效,虛擬實境與擴增實境,電腦視覺,演算法,使用者經驗與易用性評估,演化計算,編譯器設計,深度學習與實務
0316336,無線網路,數位遊戲與學習,虛擬實境與擴增實境,電腦動畫與特效,電腦視覺,高等UNIX程式設計,演算法,使用者經驗與易用性評估,演化計算,深度學習與實務
0316337,電腦視覺,電腦動畫與特效,虛擬實境與擴增實境,高等UNIX程式設計,演算法,使用者經驗與易用性評估,作業系統設計與實作,人工智慧,編譯器設計,演化計算
0316339,電腦動畫與特效,虛擬實境與擴增實境,電腦視覺,演算法,高等UNIX程式設計,使用者經驗與易用性評估,編譯器設計,演化計算,深度學習與實務,作業系統設計與實作
0316340,數位遊戲與學習,電腦動畫與特效,虛擬實境與擴增實境,電腦視覺,高等UNIX程式設計,演算法,使用者經驗與易用性評估,編譯器設計,作業系統設計與實作,演化計算
0316341,數位遊戲與學習,電腦動畫與特效,虛擬實境與擴增實境,電腦視覺,高等UNIX程式設計,演算法,使用者經驗與易用性評估,作業系統設計與實作,編譯器設計,人工智慧
0316342,無線網路,數位遊戲與學習,虛擬實境與擴增實境,電腦動畫與特效,電腦視覺,高等UNIX程式設計,演算法,使用者經驗與易用性評估,作業系統設計與實作,演化計算
0317001,無線網路,數位遊戲與學習,電腦動畫與特效,虛擬實境與擴增實境,電腦視覺,高等UNIX程式設計,演算法,使用者經驗與易用性評估,作業系統設計與實作,編譯器設計
0317014,無線網路,數位遊戲與學習,虛擬實境與擴增實境,電腦視覺,高等UNIX程式設計,電腦動畫與特效,,,,
0317023,無線網路,數位遊戲與學習,虛擬實境與擴增實境,電腦動畫與特效,電腦視覺,高等UNIX程式設計,演算法,使用者經驗與易用性評估,作業系統設計與實作,人工智慧
0317027,無線網路,數位遊戲與學習,虛擬實境與擴增實境,電腦視覺,電腦動畫與特效,高等UNIX程式設計,演算法,使用者經驗與易用性評估,作業系統設計與實作,人工智慧
0317051,無線網路,數位遊戲與學習,虛擬實境與擴增實境,電腦動畫與特效,電腦視覺,演算法,使用者經驗與易用性評估,演化計算,作業系統設計與實作,人工智慧
0410004,無線網路,數位遊戲與學習,虛擬實境與擴增實境,電腦視覺,高等UNIX程式設計,電腦動畫與特效,,,,
0410006,無線網路,數位遊戲與學習,虛擬實境與擴增實境,電腦視覺,高等UNIX程式設計,電腦動畫與特效,,,,
0410008,無線網路,數位遊戲與學習,虛擬實境與擴增實境,電腦視覺,高等UNIX程式設計,電腦動畫與特效,,,,
0410009,無線網路,數位遊戲與學習,虛擬實境與擴增實境,電腦視覺,高等UNIX程式設計,電腦動畫與特效,,,,
0410014,無線網路,數位遊戲與學習,虛擬實境與擴增實境,電腦視覺,高等UNIX程式設計,電腦動畫與特效,,,,
0410018,無線網路,數位遊戲與學習,虛擬實境與擴增實境,電腦視覺,高等UNIX程式設計,電腦動畫與特效,,,,
0410020,無線網路,數位遊戲與學習,虛擬實境與擴增實境,電腦視覺,高等UNIX程式設計,電腦動畫與特效,,,,
0410021,無線網路,數位遊戲與學習,虛擬實境與擴增實境,電腦視覺,高等UNIX程式設計,電腦動畫與特效,,,,
0410022,無線網路,數位遊戲與學習,虛擬實境與擴增實境,電腦視覺,高等UNIX程式設計,電腦動畫與特效,,,,
0410023,無線網路,數位遊戲與學習,虛擬實境與擴增實境,電腦視覺,高等UNIX程式設計,電腦動畫與特效,,,,
0410024,無線網路,數位遊戲與學習,虛擬實境與擴增實境,電腦視覺,高等UNIX程式設計,電腦動畫與特效,,,,
0410026,無線網路,數位遊戲與學習,虛擬實境與擴增實境,電腦視覺,高等UNIX程式設計,電腦動畫與特效,,,,
0410030,無線網路,數位遊戲與學習,虛擬實境與擴增實境,電腦視覺,高等UNIX程式設計,電腦動畫與特效,,,,
0410750,無線網路,數位遊戲與學習,虛擬實境與擴增實境,電腦動畫與特效,電腦視覺,演算法,使用者經驗與易用性評估,人工智慧,演化計算,作業系統設計與實作
0410774,無線網路,數位遊戲與學習,虛擬實境與擴增實境,電腦視覺,高等UNIX程式設計,電腦動畫與特效,,,,
0410835,無線網路,數位遊戲與學習,虛擬實境與擴增實境,電腦視覺,高等UNIX程式設計,電腦動畫與特效,,,,
0411036,無線網路,數位遊戲與學習,虛擬實境與擴增實境,電腦視覺,高等UNIX程式設計,電腦動畫與特效,,,,
0411081,無線網路,數位遊戲與學習,虛擬實境與擴增實境,高等UNIX程式設計,電腦視覺,電腦動畫與特效,作業系統設計與實作,使用者經驗與易用性評估,人工智慧,演算法
0411228,數位遊戲與學習,虛擬實境與擴增實境,高等UNIX程式設計,電腦視覺,電腦動畫與特效,作業系統設計與實作,使用者經驗與易用性評估,人工智慧,演算法,演化計算
0411246,數位遊戲與學習,虛擬實境與擴增實境,高等UNIX程式設計,電腦視覺,電腦動畫與特效,作業系統設計與實作,使用者經驗與易用性評估,人工智慧,演算法,演化計算
0411254,數位遊戲與學習,虛擬實境與擴增實境,高等UNIX程式設計,電腦視覺,電腦動畫與特效,作業系統設計與實作,使用者經驗與易用性評估,人工智慧,演算法,演化計算
0411276,無線網路,數位遊戲與學習,虛擬實境與擴增實境,高等UNIX程式設計,電腦視覺,電腦動畫與特效,作業系統設計與實作,使用者經驗與易用性評估,演算法,人工智慧
0411306,無線網路,數位遊戲與學習,虛擬實境與擴增實境,電腦視覺,高等UNIX程式設計,電腦動畫與特效,作業系統設計與實作,使用者經驗與易用性評估,人工智慧,演化計算
0412236,無線網路,數位遊戲與學習,虛擬實境與擴增實境,高等UNIX程式設計,電腦視覺,電腦動畫與特效,作業系統設計與實作,演算法,使用者經驗與易用性評估,人工智慧
0412237,無線網路,數位遊戲與學習,虛擬實境與擴增實境,高等UNIX程式設計,電腦動畫與特效,演算法,作業系統設計與實作,使用者經驗與易用性評估,人工智慧,演化計算
0412241,無線網路,數位遊戲與學習,虛擬實境與擴增實境,電腦視覺,電腦動畫與特效,高等UNIX程式設計,演算法,使用者經驗與易用性評估,作業系統設計與實作,人工智慧
0412248,無線網路,數位遊戲與學習,虛擬實境與擴增實境,高等UNIX程式設計,電腦動畫與特效,演算法,作業系統設計與實作,使用者經驗與易用性評估,人工智慧,演化計算
0412253,無線網路,數位遊戲與學習,虛擬實境與擴增實境,高等UNIX程式設計,電腦動畫與特效,作業系統設計與實作,演算法,使用者經驗與易用性評估,人工智慧,演化計算
0412509,無線網路,數位遊戲與學習,虛擬實境與擴增實境,電腦視覺,高等UNIX程式設計,電腦動畫與特效,,,,
0412528,無線網路,虛擬實境與擴增實境,高等UNIX程式設計,電腦視覺,電腦動畫與特效,作業系統設計與實作,使用者經驗與易用性評估,人工智慧,演算法,演化計算
0413107,數位遊戲與學習,虛擬實境與擴增實境,高等UNIX程式設計,電腦動畫與特效,作業系統設計與實作,演算法,使用者經驗與易用性評估,人工智慧,演化計算,機器學習
0413220,無線網路,數位遊戲與學習,虛擬實境與擴增實境,電腦動畫與特效,電腦視覺,高等UNIX程式設計,演算法,使用者經驗與易用性評估,作業系統設計與實作,編譯器設計
0413234,無線網路,數位遊戲與學習,虛擬實境與擴增實境,電腦視覺,高等UNIX程式設計,電腦動畫與特效,作業系統設計與實作,使用者經驗與易用性評估,人工智慧,演化計算
0413249,無線網路,數位遊戲與學習,虛擬實境與擴增實境,高等UNIX程式設計,電腦視覺,電腦動畫與特效,作業系統設計與實作,使用者經驗與易用性評估,人工智慧,演算法
0413324,數位遊戲與學習,虛擬實境與擴增實境,高等UNIX程式設計,電腦視覺,電腦動畫與特效,作業系統設計與實作,使用者經驗與易用性評估,人工智慧,演化計算,演算法
0413328,數位遊戲與學習,虛擬實境與擴增實境,高等UNIX程式設計,電腦視覺,電腦動畫與特效,作業系統設計與實作,使用者經驗與易用性評估,人工智慧,演算法,演化計算
0413335,數位遊戲與學習,虛擬實境與擴增實境,電腦視覺,電腦動畫與特效,高等UNIX程式設計,演算法,使用者經驗與易用性評估,作業系統設計與實作,人工智慧,演化計算
0413354,虛擬實境與擴增實境,高等UNIX程式設計,電腦視覺,電腦動畫與特效,作業系統設計與實作,使用者經驗與易用性評估,人工智慧,演算法,演化計算,深度學習與實務
0413358,數位遊戲與學習,虛擬實境與擴增實境,電腦視覺,高等UNIX程式設計,電腦動畫與特效,作業系統設計與實作,使用者經驗與易用性評估,人工智慧,演化計算,深度學習與實務
0413359,數位遊戲與學習,高等UNIX程式設計,虛擬實境與擴增實境,電腦視覺,電腦動畫與特效,演算法,作業系統設計與實作,使用者經驗與易用性評估,人工智慧,演化計算
0416001,數位遊戲與學習,虛擬實境與擴增實境,電腦動畫與特效,電腦視覺,高等UNIX程式設計,演算法,使用者經驗與易用性評估,作業系統設計與實作,人工智慧,編譯器設計
0416002,無線網路,數位遊戲與學習,電腦動畫與特效,虛擬實境與擴增實境,電腦視覺,演算法,高等UNIX程式設計,使用者經驗與易用性評估,編譯器設計,演化計算
0416004,無線網路,數位遊戲與學習,虛擬實境與擴增實境,電腦視覺,高等UNIX程式設計,演算法,使用者經驗與易用性評估,作業系統設計與實作,編譯器設計,人工智慧
0416005,無線網路,數位遊戲與學習,虛擬實境與擴增實境,電腦動畫與特效,電腦視覺,演算法,高等UNIX程式設計,使用者經驗與易用性評估,演化計算,作業系統設計與實作
0416006,無線網路,數位遊戲與學習,虛擬實境與擴增實境,電腦視覺,高等UNIX程式設計,演算法,使用者經驗與易用性評估,作業系統設計與實作,人工智慧,編譯器設計
0416007,無線網路,數位遊戲與學習,高等UNIX程式設計,虛擬實境與擴增實境,電腦視覺,電腦動畫與特效,作業系統設計與實作,演算法,使用者經驗與易用性評估,人工智慧
0416008,無線網路,數位遊戲與學習,虛擬實境與擴增實境,電腦視覺,演算法,高等UNIX程式設計,使用者經驗與易用性評估,編譯器設計,作業系統設計與實作,人工智慧
0416009,無線網路,數位遊戲與學習,虛擬實境與擴增實境,電腦視覺,高等UNIX程式設計,演算法,作業系統設計與實作,使用者經驗與易用性評估,人工智慧,演化計算
0416010,無線網路,數位遊戲與學習,電腦視覺,虛擬實境與擴增實境,電腦動畫與特效,高等UNIX程式設計,演算法,使用者經驗與易用性評估,作業系統設計與實作,人工智慧
0416011,無線網路,數位遊戲與學習,虛擬實境與擴增實境,電腦視覺,高等UNIX程式設計,電腦動畫與特效,,,,
0416012,數位遊戲與學習,高等UNIX程式設計,虛擬實境與擴增實境,電腦視覺,電腦動畫與特效,演算法,作業系統設計與實作,使用者經驗與易用性評估,人工智慧,演化計算
0416014,數位遊戲與學習,電腦動畫與特效,電腦視覺,演算法,高等UNIX程式設計,使用者經驗與易用性評估,編譯器設計,作業系統設計與實作,演化計算,人工智慧
0416015,無線網路,數位遊戲與學習,電腦動畫與特效,虛擬實境與擴增實境,電腦視覺,高等UNIX程式設計,演算法,使用者經驗與易用性評估,作業系統設計與實作,編譯器設計
0416016,無線網路,數位遊戲與學習,電腦動畫與特效,虛擬實境與擴增實境,電腦視覺,演算法,高等UNIX程式設計,使用者經驗與易用性評估,演化計算,編譯器設計
0416018,數位遊戲與學習,高等UNIX程式設計,虛擬實境與擴增實境,電腦視覺,電腦動畫與特效,演算法,作業系統設計與實作,使用者經驗與易用性評估,人工智慧,演化計算
0416020,數位遊戲與學習,虛擬實境與擴增實境,電腦視覺,演算法,高等UNIX程式設計,使用者經驗與易用性評估,編譯器設計,作業系統設計與實作,演化計算,人工智慧
0416021,無線網路,數位遊戲與學習,電腦動畫與特效,電腦視覺,虛擬實境與擴增實境,高等UNIX程式設計,演算法,使用者經驗與易用性評估,作業系統設計與實作,編譯器設計
0416022,數位遊戲與學習,電腦視覺,高等UNIX程式設計,虛擬實境與擴增實境,演算法,作業系統設計與實作,使用者經驗與易用性評估,人工智慧,編譯器設計,演化計算
0416023,無線網路,數位遊戲與學習,虛擬實境與擴增實境,電腦視覺,高等UNIX程式設計,電腦動畫與特效,,,,
0416024,無線網路,數位遊戲與學習,電腦動畫與特效,虛擬實境與擴增實境,電腦視覺,演算法,高等UNIX程式設計,使用者經驗與易用性評估,編譯器設計,演化計算
0416025,無線網路,數位遊戲與學習,高等UNIX程式設計,虛擬實境與擴增實境,電腦動畫與特效,演算法,作業系統設計與實作,使用者經驗與易用性評估,人工智慧,演化計算
0416026,無線網路,數位遊戲與學習,電腦動畫與特效,虛擬實境與擴增實境,電腦視覺,演算法,高等UNIX程式設計,使用者經驗與易用性評估,編譯器設計,作業系統設計與實作
0416027,無線網路,數位遊戲與學習,高等UNIX程式設計,虛擬實境與擴增實境,電腦動畫與特效,演算法,作業系統設計與實作,使用者經驗與易用性評估,人工智慧,演化計算
0416028,無線網路,數位遊戲與學習,電腦動畫與特效,虛擬實境與擴增實境,電腦視覺,演算法,高等UNIX程式設計,使用者經驗與易用性評估,編譯器設計,作業系統設計與實作
0416029,無線網路,數位遊戲與學習,電腦視覺,演算法,高等UNIX程式設計,使用者經驗與易用性評估,作業系統設計與實作,編譯器設計,演化計算,人工智慧
0416030,無線網路,數位遊戲與學習,高等UNIX程式設計,虛擬實境與擴增實境,電腦動畫與特效,電腦視覺,演算法,作業系統設計與實作,使用者經驗與易用性評估,人工智慧
0416031,無線網路,數位遊戲與學習,虛擬實境與擴增實境,電腦動畫與特效,電腦視覺,高等UNIX程式設計,演算法,使用者經驗與易用性評估,作業系統設計與實作,演化計算
0416032,無線網路,數位遊戲與學習,高等UNIX程式設計,虛擬實境與擴增實境,電腦視覺,電腦動畫與特效,作業系統設計與實作,演算法,使用者經驗與易用性評估,人工智慧
0416033,無線網路,數位遊戲與學習,虛擬實境與擴增實境,高等UNIX程式設計,電腦視覺,演算法,作業系統設計與實作,使用者經驗與易用性評估,人工智慧,演化計算
0416035,無線網路,數位遊戲與學習,虛擬實境與擴增實境,高等UNIX程式設計,電腦視覺,電腦動畫與特效,作業系統設計與實作,使用者經驗與易用性評估,人工智慧,演化計算
0416036,無線網路,數位遊戲與學習,電腦動畫與特效,虛擬實境與擴增實境,演算法,高等UNIX程式設計,使用者經驗與易用性評估,編譯器設計,作業系統設計與實作,演化計算
0416037,數位遊戲與學習,虛擬實境與擴增實境,電腦視覺,電腦動畫與特效,高等UNIX程式設計,演算法,使用者經驗與易用性評估,作業系統設計與實作,人工智慧,演化計算
0416038,無線網路,數位遊戲與學習,電腦視覺,虛擬實境與擴增實境,電腦動畫與特效,高等UNIX程式設計,演算法,使用者經驗與易用性評估,作業系統設計與實作,人工智慧
0416039,無線網路,數位遊戲與學習,電腦動畫與特效,虛擬實境與擴增實境,電腦視覺,演算法,高等UNIX程式設計,使用者經驗與易用性評估,編譯器設計,作業系統設計與實作
0416040,無線網路,數位遊戲與學習,電腦動畫與特效,電腦視覺,高等UNIX程式設計,演算法,使用者經驗與易用性評估,作業系統設計與實作,人工智慧,演化計算
0416041,數位遊戲與學習,高等UNIX程式設計,虛擬實境與擴增實境,電腦視覺,電腦動畫與特效,演算法,作業系統設計與實作,使用者經驗與易用性評估,人工智慧,演化計算
0416042,無線網路,數位遊戲與學習,虛擬實境與擴增實境,電腦視覺,電腦動畫與特效,演算法,使用者經驗與易用性評估,作業系統設計與實作,人工智慧,演化計算
0416043,無線網路,數位遊戲與學習,虛擬實境與擴增實境,電腦動畫與特效,電腦視覺,高等UNIX程式設計,演算法,使用者經驗與易用性評估,作業系統設計與實作,編譯器設計
0416044,無線網路,數位遊戲與學習,虛擬實境與擴增實境,電腦視覺,電腦動畫與特效,高等UNIX程式設計,演算法,作業系統設計與實作,使用者經驗與易用性評估,人工智慧
0416045,無線網路,數位遊戲與學習,電腦動畫與特效,虛擬實境與擴增實境,電腦視覺,高等UNIX程式設計,演算法,使用者經驗與易用性評估,編譯器設計,作業系統設計與實作
0416046,無線網路,數位遊戲與學習,高等UNIX程式設計,虛擬實境與擴增實境,電腦視覺,電腦動畫與特效,演算法,作業系統設計與實作,使用者經驗與易用性評估,人工智慧
0416047,無線網路,數位遊戲與學習,電腦動畫與特效,電腦視覺,虛擬實境與擴增實境,高等UNIX程式設計,演算法,作業系統設計與實作,使用者經驗與易用性評估,人工智慧
0416048,無線網路,數位遊戲與學習,電腦視覺,虛擬實境與擴增實境,高等UNIX程式設計,演算法,作業系統設計與實作,使用者經驗與易用性評估,人工智慧,編譯器設計
0416049,無線網路,數位遊戲與學習,高等UNIX程式設計,虛擬實境與擴增實境,電腦視覺,演算法,作業系統設計與實作,使用者經驗與易用性評估,人工智慧,演化計算
0416050,無線網路,數位遊戲與學習,電腦動畫與特效,虛擬實境與擴增實境,電腦視覺,高等UNIX程式設計,演算法,使用者經驗與易用性評估,作業系統設計與實作,編譯器設計
0416051,數位遊戲與學習,高等UNIX程式設計,虛擬實境與擴增實境,電腦動畫與特效,作業系統設計與實作,演算法,使用者經驗與易用性評估,人工智慧,演化計算,深度學習與實務
0416052,無線網路,數位遊戲與學習,虛擬實境與擴增實境,高等UNIX程式設計,電腦視覺,電腦動畫與特效,演算法,作業系統設計與實作,使用者經驗與易用性評估,人工智慧
0416053,無線網路,數位遊戲與學習,高等UNIX程式設計,虛擬實境與擴增實境,電腦視覺,電腦動畫與特效,作業系統設計與實作,演算法,使用者經驗與易用性評估,人工智慧
0416054,無線網路,數位遊戲與學習,虛擬實境與擴增實境,電腦動畫與特效,電腦視覺,高等UNIX程式設計,演算法,使用者經驗與易用性評估,作業系統設計與實作,人工智慧
0416055,無線網路,數位遊戲與學習,電腦視覺,虛擬實境與擴增實境,高等UNIX程式設計,演算法,使用者經驗與易用性評估,作業系統設計與實作,人工智慧,編譯器設計
0416057,無線網路,數位遊戲與學習,電腦視覺,電腦動畫與特效,高等UNIX程式設計,演算法,使用者經驗與易用性評估,作業系統設計與實作,人工智慧,編譯器設計
0416058,數位遊戲與學習,虛擬實境與擴增實境,高等UNIX程式設計,電腦視覺,電腦動畫與特效,作業系統設計與實作,使用者經驗與易用性評估,人工智慧,演算法,演化計算
0416059,無線網路,數位遊戲與學習,高等UNIX程式設計,電腦視覺,電腦動畫與特效,作業系統設計與實作,使用者經驗與易用性評估,人工智慧,演算法,演化計算
0416060,無線網路,數位遊戲與學習,高等UNIX程式設計,電腦視覺,電腦動畫與特效,作業系統設計與實作,使用者經驗與易用性評估,人工智慧,演算法,演化計算
0416061,無線網路,數位遊戲與學習,虛擬實境與擴增實境,高等UNIX程式設計,電腦動畫與特效,演算法,作業系統設計與實作,使用者經驗與易用性評估,人工智慧,演化計算
0416062,無線網路,數位遊戲與學習,高等UNIX程式設計,虛擬實境與擴增實境,電腦視覺,電腦動畫與特效,演算法,作業系統設計與實作,使用者經驗與易用性評估,人工智慧
0416063,無線網路,數位遊戲與學習,電腦動畫與特效,電腦視覺,高等UNIX程式設計,演算法,使用者經驗與易用性評估,作業系統設計與實作,人工智慧,編譯器設計
0416064,數位遊戲與學習,高等UNIX程式設計,虛擬實境與擴增實境,電腦視覺,電腦動畫與特效,演算法,作業系統設計與實作,使用者經驗與易用性評估,人工智慧,演化計算
0416065,無線網路,數位遊戲與學習,虛擬實境與擴增實境,高等UNIX程式設計,電腦動畫與特效,電腦視覺,演算法,作業系統設計與實作,使用者經驗與易用性評估,人工智慧
0416066,無線網路,數位遊戲與學習,虛擬實境與擴增實境,電腦動畫與特效,電腦視覺,演算法,使用者經驗與易用性評估,演化計算,編譯器設計,深度學習與實務
0416067,無線網路,數位遊戲與學習,虛擬實境與擴增實境,電腦視覺,高等UNIX程式設計,電腦動畫與特效,,,,
0416068,無線網路,數位遊戲與學習,虛擬實境與擴增實境,電腦視覺,電腦動畫與特效,高等UNIX程式設計,演算法,作業系統設計與實作,使用者經驗與易用性評估,人工智慧
0416069,無線網路,數位遊戲與學習,虛擬實境與擴增實境,高等UNIX程式設計,電腦視覺,電腦動畫與特效,演算法,作業系統設計與實作,使用者經驗與易用性評估,人工智慧
0416070,無線網路,數位遊戲與學習,電腦視覺,虛擬實境與擴增實境,電腦動畫與特效,高等UNIX程式設計,演算法,使用者經驗與易用性評估,作業系統設計與實作,人工智慧
0416071,數位遊戲與學習,虛擬實境與擴增實境,電腦視覺,高等UNIX程式設計,電腦動畫與特效,作業系統設計與實作,使用者經驗與易用性評估,人工智慧,演化計算,深度學習與實務
0416073,無線網路,數位遊戲與學習,高等UNIX程式設計,虛擬實境與擴增實境,電腦視覺,電腦動畫與特效,演算法,作業系統設計與實作,使用者經驗與易用性評估,人工智慧
0416074,無線網路,數位遊戲與學習,電腦動畫與特效,虛擬實境與擴增實境,電腦視覺,演算法,高等UNIX程式設計,使用者經驗與易用性評估,編譯器設計,作業系統設計與實作
0416075,數位遊戲與學習,虛擬實境與擴增實境,高等UNIX程式設計,電腦視覺,電腦動畫與特效,作業系統設計與實作,使用者經驗與易用性評估,人工智慧,演算法,演化計算
0416076,數位遊戲與學習,電腦動畫與特效,虛擬實境與擴增實境,電腦視覺,演算法,高等UNIX程式設計,使用者經驗與易用性評估,編譯器設計,作業系統設計與實作,演化計算
0416077,無線網路,數位遊戲與學習,電腦動畫與特效,虛擬實境與擴增實境,電腦視覺,演算法,高等UNIX程式設計,使用者經驗與易用性評估,編譯器設計,演化計算
0416081,無線網路,數位遊戲與學習,虛擬實境與擴增實境,高等UNIX程式設計,電腦動畫與特效,演算法,作業系統設計與實作,人工智慧,演化計算,深度學習與實務
0416082,無線網路,數位遊戲與學習,高等UNIX程式設計,電腦視覺,電腦動畫與特效,演算法,作業系統設計與實作,使用者經驗與易用性評估,人工智慧,演化計算
0416083,無線網路,數位遊戲與學習,高等UNIX程式設計,虛擬實境與擴增實境,電腦視覺,電腦動畫與特效,演算法,作業系統設計與實作,使用者經驗與易用性評估,人工智慧
0416084,無線網路,數位遊戲與學習,電腦動畫與特效,電腦視覺,高等UNIX程式設計,演算法,使用者經驗與易用性評估,作業系統設計與實作,編譯器設計,人工智慧
0416086,無線網路,數位遊戲與學習,電腦動畫與特效,虛擬實境與擴增實境,電腦視覺,演算法,高等UNIX程式設計,使用者經驗與易用性評估,編譯器設計,作業系統設計與實作
0416087,數位遊戲與學習,高等UNIX程式設計,電腦視覺,電腦動畫與特效,演算法,作業系統設計與實作,使用者經驗與易用性評估,人工智慧,演化計算,深度學習與實務
0416088,無線網路,數位遊戲與學習,虛擬實境與擴增實境,高等UNIX程式設計,電腦動畫與特效,作業系統設計與實作,使用者經驗與易用性評估,演算法,深度學習與實務,機器學習
0416089,無線網路,數位遊戲與學習,高等UNIX程式設計,電腦動畫與特效,虛擬實境與擴增實境,電腦視覺,演算法,作業系統設計與實作,使用者經驗與易用性評估,人工智慧
0416090,無線網路,數位遊戲與學習,電腦視覺,電腦動畫與特效,虛擬實境與擴增實境,高等UNIX程式設計,演算法,作業系統設計與實作,使用者經驗與易用性評估,人工智慧
0416091,無線網路,數位遊戲與學習,高等UNIX程式設計,虛擬實境與擴增實境,電腦視覺,電腦動畫與特效,演算法,作業系統設計與實作,使用者經驗與易用性評估,人工智慧
0416092,無線網路,數位遊戲與學習,虛擬實境與擴增實境,電腦動畫與特效,電腦視覺,演算法,使用者經驗與易用性評估,演化計算,編譯器設計,人工智慧
0416093,無線網路,數位遊戲與學習,電腦動畫與特效,電腦視覺,虛擬實境與擴增實境,演算法,高等UNIX程式設計,使用者經驗與易用性評估,作業系統設計與實作,編譯器設計
0416094,無線網路,數位遊戲與學習,電腦視覺,虛擬實境與擴增實境,高等UNIX程式設計,演算法,使用者經驗與易用性評估,作業系統設計與實作,人工智慧,編譯器設計
0416095,無線網路,數位遊戲與學習,電腦動畫與特效,虛擬實境與擴增實境,電腦視覺,高等UNIX程式設計,演算法,作業系統設計與實作,人工智慧,編譯器設計
0416096,數位遊戲與學習,虛擬實境與擴增實境,電腦視覺,電腦動畫與特效,高等UNIX程式設計,演算法,使用者經驗與易用性評估,作業系統設計與實作,人工智慧,演化計算
0416097,無線網路,數位遊戲與學習,電腦動畫與特效,電腦視覺,虛擬實境與擴增實境,高等UNIX程式設計,演算法,使用者經驗與易用性評估,作業系統設計與實作,人工智慧
0416098,無線網路,數位遊戲與學習,電腦視覺,虛擬實境與擴增實境,電腦動畫與特效,高等UNIX程式設計,演算法,作業系統設計與實作,使用者經驗與易用性評估,人工智慧
0416100,無線網路,數位遊戲與學習,虛擬實境與擴增實境,電腦視覺,高等UNIX程式設計,電腦動畫與特效,,,,
0416101,無線網路,數位遊戲與學習,高等UNIX程式設計,虛擬實境與擴增實境,電腦視覺,電腦動畫與特效,作業系統設計與實作,演算法,使用者經驗與易用性評估,人工智慧
0416102,數位遊戲與學習,高等UNIX程式設計,虛擬實境與擴增實境,電腦視覺,電腦動畫與特效,演算法,作業系統設計與實作,使用者經驗與易用性評估,人工智慧,演化計算
0416104,無線網路,數位遊戲與學習,高等UNIX程式設計,虛擬實境與擴增實境,電腦視覺,電腦動畫與特效,演算法,作業系統設計與實作,使用者經驗與易用性評估,人工智慧
0416106,無線網路,數位遊戲與學習,電腦動畫與特效,虛擬實境與擴增實境,電腦視覺,演算法,高等UNIX程式設計,使用者經驗與易用性評估,編譯器設計,作業系統設計與實作
0416107,無線網路,數位遊戲與學習,高等UNIX程式設計,虛擬實境與擴增實境,電腦視覺,電腦動畫與特效,演算法,作業系統設計與實作,使用者經驗與易用性評估,人工智慧
0416108,無線網路,數位遊戲與學習,虛擬實境與擴增實境,高等UNIX程式設計,電腦視覺,電腦動畫與特效,作業系統設計與實作,使用者經驗與易用性評估,人工智慧,演算法
0416109,無線網路,數位遊戲與學習,高等UNIX程式設計,虛擬實境與擴增實境,電腦視覺,電腦動畫與特效,作業系統設計與實作,演算法,使用者經驗與易用性評估,人工智慧
0416111,無線網路,數位遊戲與學習,虛擬實境與擴增實境,高等UNIX程式設計,電腦視覺,電腦動畫與特效,作業系統設計與實作,使用者經驗與易用性評估,演算法,人工智慧
0416112,無線網路,數位遊戲與學習,虛擬實境與擴增實境,電腦視覺,高等UNIX程式設計,電腦動畫與特效,,,,
0416201,數位遊戲與學習,虛擬實境與擴增實境,電腦視覺,高等UNIX程式設計,演算法,使用者經驗與易用性評估,作業系統設計與實作,人工智慧,編譯器設計,演化計算
0416202,數位遊戲與學習,高等UNIX程式設計,虛擬實境與擴增實境,電腦視覺,電腦動畫與特效,作業系統設計與實作,演算法,使用者經驗與易用性評估,人工智慧,演化計算
0416203,數位遊戲與學習,虛擬實境與擴增實境,高等UNIX程式設計,電腦視覺,電腦動畫與特效,作業系統設計與實作,演算法,使用者經驗與易用性評估,人工智慧,演化計算
0416204,無線網路,數位遊戲與學習,虛擬實境與擴增實境,電腦視覺,高等UNIX程式設計,電腦動畫與特效,,,,
0416205,數位遊戲與學習,虛擬實境與擴增實境,電腦視覺,電腦動畫與特效,高等UNIX程式設計,演算法,使用者經驗與易用性評估,作業系統設計與實作,人工智慧,編譯器設計
0416206,無線網路,數位遊戲與學習,虛擬實境與擴增實境,高等UNIX程式設計,電腦視覺,作業系統設計與實作,演算法,使用者經驗與易用性評估,人工智慧,演化計算
0416207,數位遊戲與學習,高等UNIX程式設計,虛擬實境與擴增實境,作業系統設計與實作,演算法,使用者經驗與易用性評估,人工智慧,演化計算,深度學習與實務,機器學習
0416208,無線網路,數位遊戲與學習,虛擬實境與擴增實境,電腦視覺,電腦動畫與特效,高等UNIX程式設計,演算法,使用者經驗與易用性評估,作業系統設計與實作,人工智慧
0416209,數位遊戲與學習,虛擬實境與擴增實境,電腦視覺,高等UNIX程式設計,演算法,作業系統設計與實作,使用者經驗與易用性評估,人工智慧,演化計算,編譯器設計
0416210,數位遊戲與學習,虛擬實境與擴增實境,高等UNIX程式設計,電腦動畫與特效,作業系統設計與實作,演算法,人工智慧,演化計算,深度學習與實務,機器學習
0416211,無線網路,數位遊戲與學習,電腦動畫與特效,虛擬實境與擴增實境,電腦視覺,高等UNIX程式設計,使用者經驗與易用性評估,演化計算,編譯器設計,作業系統設計與實作
0416212,無線網路,數位遊戲與學習,虛擬實境與擴增實境,電腦視覺,電腦動畫與特效,高等UNIX程式設計,演算法,使用者經驗與易用性評估,作業系統設計與實作,人工智慧
0416213,數位遊戲與學習,虛擬實境與擴增實境,電腦動畫與特效,電腦視覺,演算法,高等UNIX程式設計,使用者經驗與易用性評估,編譯器設計,作業系統設計與實作,演化計算
0416214,無線網路,數位遊戲與學習,虛擬實境與擴增實境,電腦視覺,電腦動畫與特效,高等UNIX程式設計,演算法,使用者經驗與易用性評估,作業系統設計與實作,人工智慧
0416216,數位遊戲與學習,高等UNIX程式設計,電腦視覺,電腦動畫與特效,演算法,作業系統設計與實作,使用者經驗與易用性評估,人工智慧,演化計算,深度學習與實務
0416217,無線網路,數位遊戲與學習,電腦視覺,虛擬實境與擴增實境,電腦動畫與特效,高等UNIX程式設計,演算法,使用者經驗與易用性評估,作業系統設計與實作,人工智慧
0416218,數位遊戲與學習,電腦視覺,虛擬實境與擴增實境,電腦動畫與特效,高等UNIX程式設計,演算法,使用者經驗與易用性評估,作業系統設計與實作,人工智慧,編譯器設計
0416219,無線網路,數位遊戲與學習,電腦視覺,虛擬實境與擴增實境,電腦動畫與特效,高等UNIX程式設計,演算法,使用者經驗與易用性評估,作業系統設計與實作,人工智慧
0416220,無線網路,虛擬實境與擴增實境,電腦視覺,電腦動畫與特效,高等UNIX程式設計,演算法,使用者經驗與易用性評估,作業系統設計與實作,人工智慧,深度學習與實務
0416221,無線網路,數位遊戲與學習,虛擬實境與擴增實境,電腦視覺,高等UNIX程式設計,演算法,使用者經驗與易用性評估,作業系統設計與實作,人工智慧,編譯器設計
0416223,無線網路,數位遊戲與學習,虛擬實境與擴增實境,電腦視覺,電腦動畫與特效,演算法,使用者經驗與易用性評估,演化計算,人工智慧,作業系統設計與實作
0416224,無線網路,數位遊戲與學習,虛擬實境與擴增實境,高等UNIX程式設計,電腦視覺,電腦動畫與特效,作業系統設計與實作,使用者經驗與易用性評估,人工智慧,演算法
0416225,數位遊戲與學習,虛擬實境與擴增實境,電腦視覺,電腦動畫與特效,高等UNIX程式設計,演算法,使用者經驗與易用性評估,作業系統設計與實作,人工智慧,演化計算
0416226,無線網路,數位遊戲與學習,虛擬實境與擴增實境,電腦視覺,高等UNIX程式設計,電腦動畫與特效,,,,
0416227,無線網路,數位遊戲與學習,高等UNIX程式設計,虛擬實境與擴增實境,演算法,作業系統設計與實作,使用者經驗與易用性評估,人工智慧,演化計算,深度學習與實務
0416228,無線網路,數位遊戲與學習,高等UNIX程式設計,電腦視覺,電腦動畫與特效,作業系統設計與實作,演算法,使用者經驗與易用性評估,人工智慧,演化計算
0416229,無線網路,數位遊戲與學習,虛擬實境與擴增實境,電腦視覺,高等UNIX程式設計,電腦動畫與特效,,,,
0416230,數位遊戲與學習,高等UNIX程式設計,虛擬實境與擴增實境,電腦視覺,演算法,作業系統設計與實作,使用者經驗與易用性評估,人工智慧,演化計算,深度學習與實務
0416231,無線網路,數位遊戲與學習,虛擬實境與擴增實境,高等UNIX程式設計,電腦視覺,作業系統設計與實作,使用者經驗與易用性評估,人工智慧,演化計算,演算法
0416232,無線網路,數位遊戲與學習,虛擬實境與擴增實境,電腦視覺,高等UNIX程式設計,電腦動畫與特效,,,,
0416233,無線網路,數位遊戲與學習,虛擬實境與擴增實境,高等UNIX程式設計,電腦視覺,電腦動畫與特效,演算法,作業系統設計與實作,使用者經驗與易用性評估,人工智慧
0416234,無線網路,數位遊戲與學習,高等UNIX程式設計,虛擬實境與擴增實境,電腦視覺,電腦動畫與特效,作業系統設計與實作,演算法,使用者經驗與易用性評估,人工智慧
0416235,無線網路,數位遊戲與學習,電腦動畫與特效,電腦視覺,虛擬實境與擴增實境,演算法,高等UNIX程式設計,使用者經驗與易用性評估,作業系統設計與實作,編譯器設計
0416236,數位遊戲與學習,高等UNIX程式設計,虛擬實境與擴增實境,電腦視覺,電腦動畫與特效,作業系統設計與實作,演算法,使用者經驗與易用性評估,人工智慧,演化計算
0416237,無線網路,數位遊戲與學習,高等UNIX程式設計,電腦視覺,電腦動畫與特效,作業系統設計與實作,使用者經驗與易用性評估,人工智慧,演算法,演化計算
0416238,無線網路,數位遊戲與學習,高等UNIX程式設計,虛擬實境與擴增實境,電腦視覺,電腦動畫與特效,作業系統設計與實作,演算法,使用者經驗與易用性評估,人工智慧
0416239,數位遊戲與學習,虛擬實境與擴增實境,電腦視覺,電腦動畫與特效,演算法,高等UNIX程式設計,使用者經驗與易用性評估,人工智慧,作業系統設計與實作,演化計算
0416240,無線網路,數位遊戲與學習,電腦視覺,虛擬實境與擴增實境,電腦動畫與特效,高等UNIX程式設計,演算法,使用者經驗與易用性評估,作業系統設計與實作,人工智慧
0416241,無線網路,數位遊戲與學習,高等UNIX程式設計,虛擬實境與擴增實境,電腦視覺,電腦動畫與特效,演算法,作業系統設計與實作,使用者經驗與易用性評估,人工智慧
0416242,無線網路,數位遊戲與學習,電腦視覺,電腦動畫與特效,高等UNIX程式設計,演算法,使用者經驗與易用性評估,作業系統設計與實作,人工智慧,演化計算
0416243,數位遊戲與學習,高等UNIX程式設計,虛擬實境與擴增實境,電腦視覺,電腦動畫與特效,演算法,作業系統設計與實作,使用者經驗與易用性評估,人工智慧,演化計算
0416244,數位遊戲與學習,電腦視覺,虛擬實境與擴增實境,電腦動畫與特效,高等UNIX程式設計,演算法,作業系統設計與實作,使用者經驗與易用性評估,人工智慧,演化計算
0416245,無線網路,數位遊戲與學習,高等UNIX程式設計,虛擬實境與擴增實境,電腦視覺,電腦動畫與特效,演算法,作業系統設計與實作,使用者經驗與易用性評估,人工智慧
0416246,數位遊戲與學習,虛擬實境與擴增實境,電腦視覺,電腦動畫與特效,高等UNIX程式設計,演算法,作業系統設計與實作,人工智慧,演化計算,編譯器設計
0416247,無線網路,數位遊戲與學習,電腦視覺,虛擬實境與擴增實境,電腦動畫與特效,高等UNIX程式設計,演算法,作業系統設計與實作,使用者經驗與易用性評估,人工智慧
0416248,無線網路,數位遊戲與學習,虛擬實境與擴增實境,高等UNIX程式設計,電腦視覺,電腦動畫與特效,演算法,作業系統設計與實作,使用者經驗與易用性評估,人工智慧
0416249,數位遊戲與學習,高等UNIX程式設計,虛擬實境與擴增實境,電腦視覺,電腦動畫與特效,作業系統設計與實作,演算法,使用者經驗與易用性評估,人工智慧,演化計算
0416250,無線網路,數位遊戲與學習,高等UNIX程式設計,虛擬實境與擴增實境,電腦視覺,電腦動畫與特效,演算法,作業系統設計與實作,使用者經驗與易用性評估,人工智慧
0416251,數位遊戲與學習,電腦視覺,高等UNIX程式設計,虛擬實境與擴增實境,電腦動畫與特效,演算法,作業系統設計與實作,使用者經驗與易用性評估,人工智慧,編譯器設計
0416252,數位遊戲與學習,虛擬實境與擴增實境,高等UNIX程式設計,電腦視覺,電腦動畫與特效,作業系統設計與實作,使用者經驗與易用性評估,人工智慧,演算法,演化計算
0416256,無線網路,數位遊戲與學習,虛擬實境與擴增實境,電腦視覺,高等UNIX程式設計,電腦動畫與特效,作業系統設計與實作,使用者經驗與易用性評估,人工智慧,演化計算
0416257,無線網路,數位遊戲與學習,虛擬實境與擴增實境,電腦視覺,高等UNIX程式設計,電腦動畫與特效,,,,
0416301,無線網路,數位遊戲與學習,電腦動畫與特效,虛擬實境與擴增實境,電腦視覺,演算法,高等UNIX程式設計,使用者經驗與易用性評估,編譯器設計,演化計算
0416302,無線網路,數位遊戲與學習,虛擬實境與擴增實境,電腦動畫與特效,電腦視覺,演算法,高等UNIX程式設計,使用者經驗與易用性評估,演化計算,編譯器設計
0416303,無線網路,數位遊戲與學習,虛擬實境與擴增實境,電腦視覺,高等UNIX程式設計,演算法,使用者經驗與易用性評估,作業系統設計與實作,人工智慧,演化計算
0416304,無線網路,數位遊戲與學習,電腦動畫與特效,電腦視覺,虛擬實境與擴增實境,演算法,高等UNIX程式設計,使用者經驗與易用性評估,作業系統設計與實作,編譯器設計
0416305,無線網路,數位遊戲與學習,電腦動畫與特效,電腦視覺,高等UNIX程式設計,演算法,使用者經驗與易用性評估,作業系統設計與實作,編譯器設計,人工智慧
0416306,無線網路,數位遊戲與學習,電腦動畫與特效,電腦視覺,虛擬實境與擴增實境,高等UNIX程式設計,演算法,使用者經驗與易用性評估,作業系統設計與實作,人工智慧
0416307,無線網路,數位遊戲與學習,虛擬實境與擴增實境,高等UNIX程式設計,電腦視覺,電腦動畫與特效,作業系統設計與實作,演算法,使用者經驗與易用性評估,人工智慧
0416308,無線網路,數位遊戲與學習,電腦動畫與特效,虛擬實境與擴增實境,電腦視覺,演算法,高等UNIX程式設計,使用者經驗與易用性評估,編譯器設計,作業系統設計與實作
0416309,無線網路,數位遊戲與學習,虛擬實境與擴增實境,電腦動畫與特效,電腦視覺,演算法,使用者經驗與易用性評估,演化計算,人工智慧,深度學習與實務
0416310,無線網路,數位遊戲與學習,虛擬實境與擴增實境,電腦視覺,高等UNIX程式設計,電腦動畫與特效,作業系統設計與實作,,,
0416311,無線網路,數位遊戲與學習,虛擬實境與擴增實境,電腦視覺,電腦動畫與特效,高等UNIX程式設計,演算法,使用者經驗與易用性評估,作業系統設計與實作,人工智慧
0416312,無線網路,數位遊戲與學習,高等UNIX程式設計,虛擬實境與擴增實境,電腦視覺,演算法,作業系統設計與實作,使用者經驗與易用性評估,人工智慧,演化計算
0416313,數位遊戲與學習,虛擬實境與擴增實境,電腦動畫與特效,電腦視覺,高等UNIX程式設計,演算法,使用者經驗與易用性評估,作業系統設計與實作,人工智慧,編譯器設計
0416314,無線網路,虛擬實境與擴增實境,電腦視覺,電腦動畫與特效,高等UNIX程式設計,演算法,使用者經驗與易用性評估,作業系統設計與實作,人工智慧,演化計算
0416315,無線網路,數位遊戲與學習,虛擬實境與擴增實境,電腦動畫與特效,電腦視覺,演算法,高等UNIX程式設計,使用者經驗與易用性評估,演化計算,編譯器設計
0416316,無線網路,數位遊戲與學習,虛擬實境與擴增實境,電腦視覺,高等UNIX程式設計,電腦動畫與特效,,,,
0416317,無線網路,數位遊戲與學習,虛擬實境與擴增實境,電腦視覺,高等UNIX程式設計,電腦動畫與特效,,,,
0416320,無線網路,數位遊戲與學習,電腦視覺,虛擬實境與擴增實境,高等UNIX程式設計,電腦動畫與特效,演算法,作業系統設計與實作,使用者經驗與易用性評估,人工智慧
0416321,無線網路,數位遊戲與學習,虛擬實境與擴增實境,電腦動畫與特效,電腦視覺,演算法,高等UNIX程式設計,使用者經驗與易用性評估,演化計算,作業系統設計與實作
0416322,無線網路,數位遊戲與學習,虛擬實境與擴增實境,電腦視覺,高等UNIX程式設計,電腦動畫與特效,,,,
0416323,無線網路,數位遊戲與學習,電腦動畫與特效,虛擬實境與擴增實境,電腦視覺,演算法,高等UNIX程式設計,使用者經驗與易用性評估,編譯器設計,演化計算
0416324,無線網路,數位遊戲與學習,電腦動畫與特效,電腦視覺,虛擬實境與擴增實境,高等UNIX程式設計,演算法,使用者經驗與易用性評估,作業系統設計與實作,人工智慧
0416325,無線網路,數位遊戲與學習,虛擬實境與擴增實境,電腦視覺,電腦動畫與特效,高等UNIX程式設計,演算法,使用者經驗與易用性評估,作業系統設計與實作,人工智慧
0416326,無線網路,數位遊戲與學習,虛擬實境與擴增實境,高等UNIX程式設計,電腦視覺,電腦動畫與特效,作業系統設計與實作,使用者經驗與易用性評估,人工智慧,演算法
0416327,無線網路,數位遊戲與學習,高等UNIX程式設計,虛擬實境與擴增實境,電腦視覺,電腦動畫與特效,作業系統設計與實作,演算法,使用者經驗與易用性評估,人工智慧
0416328,無線網路,數位遊戲與學習,虛擬實境與擴增實境,高等UNIX程式設計,電腦視覺,電腦動畫與特效,作業系統設計與實作,使用者經驗與易用性評估,人工智慧,演算法
0416329,無線網路,數位遊戲與學習,虛擬實境與擴增實境,電腦視覺,高等UNIX程式設計,電腦動畫與特效,作業系統設計與實作,使用者經驗與易用性評估,人工智慧,演化計算
0416330,無線網路,數位遊戲與學習,虛擬實境與擴增實境,高等UNIX程式設計,電腦視覺,電腦動畫與特效,作業系統設計與實作,使用者經驗與易用性評估,人工智慧,演算法
0416332,無線網路,數位遊戲與學習,虛擬實境與擴增實境,電腦視覺,高等UNIX程式設計,電腦動畫與特效,作業系統設計與實作,使用者經驗與易用性評估,人工智慧,演化計算
0417034,無線網路,數位遊戲與學習,虛擬實境與擴增實境,電腦視覺,電腦動畫與特效,高等UNIX程式設計,演算法,使用者經驗與易用性評估,作業系統設計與實作,人工智慧
0510001,無線網路,數位遊戲與學習,虛擬實境與擴增實境,電腦視覺,高等UNIX程式設計,電腦動畫與特效,,,,
0510002,無線網路,數位遊戲與學習,虛擬實境與擴增實境,電腦視覺,高等UNIX程式設計,電腦動畫與特效,,,,
0510003,無線網路,數位遊戲與學習,虛擬實境與擴增實境,電腦視覺,高等UNIX程式設計,電腦動畫與特效,,,,
0510004,無線網路,數位遊戲與學習,虛擬實境與擴增實境,電腦視覺,高等UNIX程式設計,電腦動畫與特效,,,,
0510005,無線網路,數位遊戲與學習,虛擬實境與擴增實境,電腦視覺,高等UNIX程式設計,電腦動畫與特效,,,,
0510007,無線網路,數位遊戲與學習,虛擬實境與擴增實境,電腦視覺,高等UNIX程式設計,電腦動畫與特效,,,,
0510008,無線網路,數位遊戲與學習,虛擬實境與擴增實境,電腦視覺,高等UNIX程式設計,電腦動畫與特效,,,,
0510009,無線網路,數位遊戲與學習,虛擬實境與擴增實境,電腦視覺,高等UNIX程式設計,電腦動畫與特效,,,,
0510011,無線網路,數位遊戲與學習,虛擬實境與擴增實境,電腦視覺,高等UNIX程式設計,電腦動畫與特效,,,,
0510019,無線網路,數位遊戲與學習,虛擬實境與擴增實境,電腦視覺,高等UNIX程式設計,電腦動畫與特效,,,,
0510021,無線網路,數位遊戲與學習,虛擬實境與擴增實境,電腦視覺,高等UNIX程式設計,電腦動畫與特效,,,,
0510022,無線網路,數位遊戲與學習,虛擬實境與擴增實境,電腦視覺,高等UNIX程式設計,電腦動畫與特效,,,,
0510025,無線網路,數位遊戲與學習,虛擬實境與擴增實境,電腦視覺,高等UNIX程式設計,電腦動畫與特效,,,,
0510029,無線網路,數位遊戲與學習,虛擬實境與擴增實境,電腦視覺,高等UNIX程式設計,電腦動畫與特效,,,,
0510507,無線網路,數位遊戲與學習,虛擬實境與擴增實境,高等UNIX程式設計,電腦視覺,電腦動畫與特效,作業系統設計與實作,使用者經驗與易用性評估,人工智慧,演算法
0510532,無線網路,數位遊戲與學習,虛擬實境與擴增實境,電腦視覺,高等UNIX程式設計,電腦動畫與特效,作業系統設計與實作,使用者經驗與易用性評估,人工智慧,演化計算
0511030,無線網路,數位遊戲與學習,虛擬實境與擴增實境,電腦視覺,高等UNIX程式設計,電腦動畫與特效,作業系統設計與實作,使用者經驗與易用性評估,人工智慧,演化計算
0511052,無線網路,數位遊戲與學習,虛擬實境與擴增實境,電腦視覺,高等UNIX程式設計,電腦動畫與特效,作業系統設計與實作,使用者經驗與易用性評估,人工智慧,
0511080,無線網路,數位遊戲與學習,虛擬實境與擴增實境,高等UNIX程式設計,電腦視覺,電腦動畫與特效,作業系統設計與實作,使用者經驗與易用性評估,人工智慧,演化計算
0511097,無線網路,數位遊戲與學習,虛擬實境與擴增實境,電腦視覺,高等UNIX程式設計,電腦動畫與特效,作業系統設計與實作,使用者經驗與易用性評估,人工智慧,演化計算
0511606,無線網路,數位遊戲與學習,虛擬實境與擴增實境,電腦視覺,高等UNIX程式設計,電腦動畫與特效,,,,
0512204,無線網路,數位遊戲與學習,虛擬實境與擴增實境,電腦視覺,高等UNIX程式設計,電腦動畫與特效,作業系統設計與實作,使用者經驗與易用性評估,人工智慧,演化計算
0512209,無線網路,數位遊戲與學習,虛擬實境與擴增實境,電腦視覺,高等UNIX程式設計,電腦動畫與特效,作業系統設計與實作,人工智慧,演化計算,
0512217,無線網路,數位遊戲與學習,虛擬實境與擴增實境,電腦視覺,高等UNIX程式設計,電腦動畫與特效,,,,
0513109,無線網路,數位遊戲與學習,虛擬實境與擴增實境,電腦視覺,高等UNIX程式設計,電腦動畫與特效,作業系統設計與實作,,,
0513311,無線網路,數位遊戲與學習,虛擬實境與擴增實境,電腦視覺,高等UNIX程式設計,電腦動畫與特效,作業系統設計與實作,使用者經驗與易用性評估,人工智慧,演化計算
0513328,無線網路,數位遊戲與學習,虛擬實境與擴增實境,電腦視覺,高等UNIX程式設計,電腦動畫與特效,作業系統設計與實作,使用者經驗與易用性評估,人工智慧,演化計算
0513406,無線網路,數位遊戲與學習,虛擬實境與擴增實境,電腦視覺,高等UNIX程式設計,電腦動畫與特效,作業系統設計與實作,使用者經驗與易用性評估,人工智慧,演化計算
0513407,無線網路,數位遊戲與學習,虛擬實境與擴增實境,電腦視覺,高等UNIX程式設計,電腦動畫與特效,作業系統設計與實作,使用者經驗與易用性評估,人工智慧,演化計算
0515341,無線網路,數位遊戲與學習,虛擬實境與擴增實境,電腦視覺,高等UNIX程式設計,電腦動畫與特效,,,,
0516001,無線網路,數位遊戲與學習,虛擬實境與擴增實境,電腦視覺,高等UNIX程式設計,電腦動畫與特效,作業系統設計與實作,使用者經驗與易用性評估,人工智慧,演化計算
0516002,無線網路,數位遊戲與學習,虛擬實境與擴增實境,電腦視覺,高等UNIX程式設計,電腦動畫與特效,作業系統設計與實作,使用者經驗與易用性評估,人工智慧,演化計算
0516003,無線網路,數位遊戲與學習,虛擬實境與擴增實境,電腦視覺,高等UNIX程式設計,電腦動畫與特效,作業系統設計與實作,使用者經驗與易用性評估,人工智慧,演化計算
0516004,無線網路,數位遊戲與學習,虛擬實境與擴增實境,高等UNIX程式設計,電腦視覺,電腦動畫與特效,作業系統設計與實作,使用者經驗與易用性評估,人工智慧,演化計算
0516005,無線網路,數位遊戲與學習,虛擬實境與擴增實境,電腦視覺,高等UNIX程式設計,電腦動畫與特效,,,,
0516006,無線網路,數位遊戲與學習,虛擬實境與擴增實境,高等UNIX程式設計,電腦視覺,電腦動畫與特效,作業系統設計與實作,人工智慧,使用者經驗與易用性評估,演化計算
0516007,無線網路,數位遊戲與學習,虛擬實境與擴增實境,電腦視覺,高等UNIX程式設計,電腦動畫與特效,作業系統設計與實作,使用者經驗與易用性評估,人工智慧,演化計算
0516008,無線網路,數位遊戲與學習,虛擬實境與擴增實境,電腦視覺,高等UNIX程式設計,電腦動畫與特效,作業系統設計與實作,使用者經驗與易用性評估,人工智慧,演化計算
0516009,無線網路,數位遊戲與學習,虛擬實境與擴增實境,電腦視覺,高等UNIX程式設計,電腦動畫與特效,作業系統設計與實作,使用者經驗與易用性評估,人工智慧,演化計算
0516010,無線網路,數位遊戲與學習,虛擬實境與擴增實境,電腦視覺,高等UNIX程式設計,電腦動畫與特效,作業系統設計與實作,使用者經驗與易用性評估,人工智慧,演化計算
0516011,無線網路,數位遊戲與學習,虛擬實境與擴增實境,電腦視覺,高等UNIX程式設計,電腦動畫與特效,作業系統設計與實作,使用者經驗與易用性評估,人工智慧,演化計算
0516012,無線網路,數位遊戲與學習,虛擬實境與擴增實境,電腦視覺,高等UNIX程式設計,電腦動畫與特效,作業系統設計與實作,使用者經驗與易用性評估,人工智慧,演化計算
0516013,無線網路,數位遊戲與學習,虛擬實境與擴增實境,電腦視覺,高等UNIX程式設計,電腦動畫與特效,作業系統設計與實作,使用者經驗與易用性評估,人工智慧,演化計算
0516014,無線網路,數位遊戲與學習,虛擬實境與擴增實境,電腦視覺,高等UNIX程式設計,電腦動畫與特效,作業系統設計與實作,使用者經驗與易用性評估,人工智慧,演化計算
0516015,無線網路,數位遊戲與學習,虛擬實境與擴增實境,電腦視覺,高等UNIX程式設計,電腦動畫與特效,,,,
0516016,無線網路,數位遊戲與學習,虛擬實境與擴增實境,電腦視覺,高等UNIX程式設計,電腦動畫與特效,作業系統設計與實作,使用者經驗與易用性評估,人工智慧,演化計算
0516017,無線網路,數位遊戲與學習,虛擬實境與擴增實境,電腦視覺,高等UNIX程式設計,電腦動畫與特效,作業系統設計與實作,使用者經驗與易用性評估,人工智慧,
0516018,無線網路,數位遊戲與學習,虛擬實境與擴增實境,電腦視覺,高等UNIX程式設計,電腦動畫與特效,作業系統設計與實作,使用者經驗與易用性評估,人工智慧,演化計算
0516019,無線網路,數位遊戲與學習,虛擬實境與擴增實境,高等UNIX程式設計,電腦視覺,電腦動畫與特效,作業系統設計與實作,使用者經驗與易用性評估,人工智慧,演化計算
0516020,無線網路,數位遊戲與學習,虛擬實境與擴增實境,電腦視覺,高等UNIX程式設計,電腦動畫與特效,作業系統設計與實作,使用者經驗與易用性評估,人工智慧,演化計算
0516021,無線網路,數位遊戲與學習,虛擬實境與擴增實境,電腦視覺,高等UNIX程式設計,電腦動畫與特效,作業系統設計與實作,使用者經驗與易用性評估,人工智慧,演化計算
0516022,無線網路,數位遊戲與學習,虛擬實境與擴增實境,電腦視覺,高等UNIX程式設計,電腦動畫與特效,作業系統設計與實作,使用者經驗與易用性評估,人工智慧,演化計算
0516023,無線網路,數位遊戲與學習,虛擬實境與擴增實境,電腦視覺,高等UNIX程式設計,電腦動畫與特效,作業系統設計與實作,使用者經驗與易用性評估,人工智慧,演化計算
0516024,無線網路,數位遊戲與學習,虛擬實境與擴增實境,電腦視覺,高等UNIX程式設計,電腦動畫與特效,作業系統設計與實作,人工智慧,使用者經驗與易用性評估,演化計算
0516025,無線網路,數位遊戲與學習,虛擬實境與擴增實境,電腦視覺,高等UNIX程式設計,電腦動畫與特效,作業系統設計與實作,使用者經驗與易用性評估,人工智慧,演化計算
0516026,無線網路,數位遊戲與學習,虛擬實境與擴增實境,電腦視覺,高等UNIX程式設計,電腦動畫與特效,作業系統設計與實作,使用者經驗與易用性評估,人工智慧,演化計算
0516027,無線網路,數位遊戲與學習,虛擬實境與擴增實境,電腦視覺,高等UNIX程式設計,電腦動畫與特效,作業系統設計與實作,使用者經驗與易用性評估,人工智慧,演化計算
0516028,無線網路,數位遊戲與學習,虛擬實境與擴增實境,電腦視覺,高等UNIX程式設計,電腦動畫與特效,作業系統設計與實作,使用者經驗與易用性評估,人工智慧,演化計算
0516029,無線網路,數位遊戲與學習,虛擬實境與擴增實境,高等UNIX程式設計,電腦視覺,電腦動畫與特效,作業系統設計與實作,人工智慧,使用者經驗與易用性評估,演化計算
0516030,無線網路,數位遊戲與學習,虛擬實境與擴增實境,高等UNIX程式設計,電腦視覺,電腦動畫與特效,作業系統設計與實作,使用者經驗與易用性評估,人工智慧,演化計算
0516031,無線網路,數位遊戲與學習,虛擬實境與擴增實境,電腦視覺,高等UNIX程式設計,電腦動畫與特效,作業系統設計與實作,使用者經驗與易用性評估,人工智慧,演化計算
0516032,無線網路,數位遊戲與學習,虛擬實境與擴增實境,電腦視覺,高等UNIX程式設計,作業系統設計與實作,人工智慧,使用者經驗與易用性評估,演化計算,深度學習與實務
0516033,無線網路,數位遊戲與學習,虛擬實境與擴增實境,電腦視覺,高等UNIX程式設計,電腦動畫與特效,作業系統設計與實作,人工智慧,使用者經驗與易用性評估,演化計算
0516034,無線網路,數位遊戲與學習,虛擬實境與擴增實境,電腦視覺,高等UNIX程式設計,電腦動畫與特效,作業系統設計與實作,使用者經驗與易用性評估,人工智慧,演化計算
0516035,無線網路,數位遊戲與學習,虛擬實境與擴增實境,高等UNIX程式設計,電腦視覺,電腦動畫與特效,作業系統設計與實作,使用者經驗與易用性評估,人工智慧,演化計算
0516036,無線網路,數位遊戲與學習,虛擬實境與擴增實境,電腦視覺,高等UNIX程式設計,電腦動畫與特效,作業系統設計與實作,使用者經驗與易用性評估,人工智慧,演化計算
0516037,無線網路,數位遊戲與學習,虛擬實境與擴增實境,電腦視覺,高等UNIX程式設計,電腦動畫與特效,作業系統設計與實作,使用者經驗與易用性評估,人工智慧,演化計算
0516038,無線網路,數位遊戲與學習,虛擬實境與擴增實境,電腦視覺,高等UNIX程式設計,電腦動畫與特效,作業系統設計與實作,使用者經驗與易用性評估,人工智慧,演化計算
0516039,無線網路,數位遊戲與學習,虛擬實境與擴增實境,電腦視覺,高等UNIX程式設計,電腦動畫與特效,作業系統設計與實作,人工智慧,使用者經驗與易用性評估,演化計算
0516040,無線網路,數位遊戲與學習,虛擬實境與擴增實境,電腦視覺,高等UNIX程式設計,電腦動畫與特效,作業系統設計與實作,人工智慧,使用者經驗與易用性評估,演化計算
0516041,無線網路,數位遊戲與學習,虛擬實境與擴增實境,高等UNIX程式設計,電腦視覺,電腦動畫與特效,作業系統設計與實作,人工智慧,使用者經驗與易用性評估,演化計算
0516042,無線網路,數位遊戲與學習,虛擬實境與擴增實境,電腦視覺,高等UNIX程式設計,電腦動畫與特效,作業系統設計與實作,人工智慧,使用者經驗與易用性評估,演化計算
0516043,無線網路,數位遊戲與學習,虛擬實境與擴增實境,電腦視覺,高等UNIX程式設計,電腦動畫與特效,作業系統設計與實作,使用者經驗與易用性評估,人工智慧,演化計算
0516044,無線網路,數位遊戲與學習,虛擬實境與擴增實境,電腦視覺,高等UNIX程式設計,電腦動畫與特效,作業系統設計與實作,使用者經驗與易用性評估,人工智慧,演化計算
0516045,數位遊戲與學習,虛擬實境與擴增實境,電腦視覺,高等UNIX程式設計,電腦動畫與特效,作業系統設計與實作,使用者經驗與易用性評估,人工智慧,演化計算,深度學習與實務
0516046,無線網路,數位遊戲與學習,虛擬實境與擴增實境,電腦視覺,高等UNIX程式設計,電腦動畫與特效,作業系統設計與實作,使用者經驗與易用性評估,人工智慧,演化計算
0516047,無線網路,數位遊戲與學習,虛擬實境與擴增實境,電腦視覺,高等UNIX程式設計,電腦動畫與特效,作業系統設計與實作,使用者經驗與易用性評估,人工智慧,演化計算
0516048,無線網路,數位遊戲與學習,虛擬實境與擴增實境,電腦視覺,高等UNIX程式設計,電腦動畫與特效,,,,
0516049,無線網路,數位遊戲與學習,虛擬實境與擴增實境,電腦視覺,高等UNIX程式設計,作業系統設計與實作,使用者經驗與易用性評估,人工智慧,演化計算,深度學習與實務
0516050,無線網路,數位遊戲與學習,虛擬實境與擴增實境,電腦視覺,高等UNIX程式設計,電腦動畫與特效,作業系統設計與實作,使用者經驗與易用性評估,人工智慧,
0516051,無線網路,數位遊戲與學習,虛擬實境與擴增實境,電腦視覺,高等UNIX程式設計,電腦動畫與特效,作業系統設計與實作,人工智慧,使用者經驗與易用性評估,演化計算
0516052,無線網路,數位遊戲與學習,虛擬實境與擴增實境,電腦視覺,高等UNIX程式設計,電腦動畫與特效,作業系統設計與實作,使用者經驗與易用性評估,人工智慧,演化計算
0516053,無線網路,數位遊戲與學習,虛擬實境與擴增實境,電腦視覺,高等UNIX程式設計,電腦動畫與特效,作業系統設計與實作,使用者經驗與易用性評估,人工智慧,演化計算
0516054,數位遊戲與學習,虛擬實境與擴增實境,電腦視覺,高等UNIX程式設計,電腦動畫與特效,作業系統設計與實作,人工智慧,使用者經驗與易用性評估,演化計算,深度學習與實務
0516055,無線網路,數位遊戲與學習,虛擬實境與擴增實境,高等UNIX程式設計,電腦視覺,電腦動畫與特效,作業系統設計與實作,使用者經驗與易用性評估,人工智慧,演化計算
0516056,無線網路,數位遊戲與學習,虛擬實境與擴增實境,電腦視覺,高等UNIX程式設計,電腦動畫與特效,作業系統設計與實作,人工智慧,使用者經驗與易用性評估,演化計算
0516057,無線網路,數位遊戲與學習,虛擬實境與擴增實境,電腦視覺,高等UNIX程式設計,電腦動畫與特效,作業系統設計與實作,使用者經驗與易用性評估,人工智慧,演化計算
0516058,無線網路,數位遊戲與學習,虛擬實境與擴增實境,電腦視覺,高等UNIX程式設計,電腦動畫與特效,作業系統設計與實作,使用者經驗與易用性評估,人工智慧,演化計算
0516059,無線網路,數位遊戲與學習,虛擬實境與擴增實境,電腦視覺,高等UNIX程式設計,電腦動畫與特效,作業系統設計與實作,使用者經驗與易用性評估,人工智慧,演化計算
0516060,無線網路,數位遊戲與學習,虛擬實境與擴增實境,電腦視覺,高等UNIX程式設計,電腦動畫與特效,作業系統設計與實作,人工智慧,使用者經驗與易用性評估,演化計算
0516061,無線網路,數位遊戲與學習,虛擬實境與擴增實境,電腦視覺,高等UNIX程式設計,電腦動畫與特效,作業系統設計與實作,使用者經驗與易用性評估,人工智慧,演化計算
0516062,無線網路,數位遊戲與學習,虛擬實境與擴增實境,電腦視覺,高等UNIX程式設計,電腦動畫與特效,作業系統設計與實作,使用者經驗與易用性評估,人工智慧,演化計算
0516063,無線網路,數位遊戲與學習,虛擬實境與擴增實境,電腦視覺,高等UNIX程式設計,電腦動畫與特效,作業系統設計與實作,使用者經驗與易用性評估,人工智慧,演化計算
0516064,數位遊戲與學習,虛擬實境與擴增實境,電腦視覺,高等UNIX程式設計,電腦動畫與特效,作業系統設計與實作,人工智慧,使用者經驗與易用性評估,演化計算,深度學習與實務
0516065,無線網路,數位遊戲與學習,虛擬實境與擴增實境,電腦視覺,高等UNIX程式設計,電腦動畫與特效,作業系統設計與實作,,,
0516066,無線網路,數位遊戲與學習,虛擬實境與擴增實境,電腦視覺,高等UNIX程式設計,作業系統設計與實作,使用者經驗與易用性評估,人工智慧,演化計算,深度學習與實務
0516067,無線網路,數位遊戲與學習,虛擬實境與擴增實境,電腦視覺,高等UNIX程式設計,電腦動畫與特效,作業系統設計與實作,使用者經驗與易用性評估,人工智慧,演化計算
0516068,無線網路,數位遊戲與學習,虛擬實境與擴增實境,電腦視覺,高等UNIX程式設計,電腦動畫與特效,作業系統設計與實作,人工智慧,使用者經驗與易用性評估,演化計算
0516069,無線網路,數位遊戲與學習,虛擬實境與擴增實境,電腦視覺,高等UNIX程式設計,作業系統設計與實作,使用者經驗與易用性評估,人工智慧,演化計算,演算法
0516070,無線網路,數位遊戲與學習,虛擬實境與擴增實境,電腦視覺,高等UNIX程式設計,電腦動畫與特效,作業系統設計與實作,,,
0516071,無線網路,數位遊戲與學習,虛擬實境與擴增實境,電腦視覺,高等UNIX程式設計,電腦動畫與特效,,,,
0516072,無線網路,數位遊戲與學習,虛擬實境與擴增實境,電腦視覺,高等UNIX程式設計,電腦動畫與特效,作業系統設計與實作,人工智慧,使用者經驗與易用性評估,演化計算
0516073,無線網路,數位遊戲與學習,虛擬實境與擴增實境,電腦視覺,高等UNIX程式設計,電腦動畫與特效,作業系統設計與實作,使用者經驗與易用性評估,人工智慧,演化計算
0516074,無線網路,數位遊戲與學習,虛擬實境與擴增實境,電腦視覺,高等UNIX程式設計,電腦動畫與特效,作業系統設計與實作,使用者經驗與易用性評估,人工智慧,演化計算
0516075,無線網路,數位遊戲與學習,虛擬實境與擴增實境,電腦視覺,高等UNIX程式設計,電腦動畫與特效,作業系統設計與實作,使用者經驗與易用性評估,人工智慧,演化計算
0516076,無線網路,數位遊戲與學習,虛擬實境與擴增實境,電腦視覺,高等UNIX程式設計,電腦動畫與特效,作業系統設計與實作,人工智慧,使用者經驗與易用性評估,演化計算
0516077,無線網路,數位遊戲與學習,虛擬實境與擴增實境,電腦視覺,高等UNIX程式設計,電腦動畫與特效,作業系統設計與實作,使用者經驗與易用性評估,人工智慧,演化計算
0516078,無線網路,數位遊戲與學習,虛擬實境與擴增實境,電腦視覺,高等UNIX程式設計,電腦動畫與特效,,,,
0516079,無線網路,數位遊戲與學習,虛擬實境與擴增實境,電腦視覺,高等UNIX程式設計,電腦動畫與特效,作業系統設計與實作,使用者經驗與易用性評估,人工智慧,演化計算
0516080,無線網路,數位遊戲與學習,虛擬實境與擴增實境,電腦視覺,高等UNIX程式設計,電腦動畫與特效,,,,
0516081,無線網路,數位遊戲與學習,虛擬實境與擴增實境,電腦視覺,高等UNIX程式設計,電腦動畫與特效,作業系統設計與實作,使用者經驗與易用性評估,人工智慧,演化計算
0516082,無線網路,數位遊戲與學習,虛擬實境與擴增實境,電腦視覺,高等UNIX程式設計,電腦動畫與特效,,,,
0516083,無線網路,數位遊戲與學習,虛擬實境與擴增實境,電腦視覺,高等UNIX程式設計,電腦動畫與特效,,,,
0516084,無線網路,數位遊戲與學習,虛擬實境與擴增實境,電腦視覺,高等UNIX程式設計,電腦動畫與特效,,,,
0516085,無線網路,數位遊戲與學習,虛擬實境與擴增實境,電腦視覺,高等UNIX程式設計,電腦動畫與特效,作業系統設計與實作,使用者經驗與易用性評估,人工智慧,演化計算
0516086,無線網路,數位遊戲與學習,虛擬實境與擴增實境,電腦視覺,高等UNIX程式設計,電腦動畫與特效,,,,
0516087,無線網路,數位遊戲與學習,虛擬實境與擴增實境,電腦視覺,高等UNIX程式設計,電腦動畫與特效,,,,
0516088,無線網路,數位遊戲與學習,虛擬實境與擴增實境,電腦視覺,高等UNIX程式設計,電腦動畫與特效,作業系統設計與實作,使用者經驗與易用性評估,人工智慧,演化計算
0516090,無線網路,數位遊戲與學習,虛擬實境與擴增實境,電腦視覺,高等UNIX程式設計,電腦動畫與特效,作業系統設計與實作,使用者經驗與易用性評估,人工智慧,演化計算
0516092,無線網路,數位遊戲與學習,虛擬實境與擴增實境,電腦視覺,高等UNIX程式設計,電腦動畫與特效,,,,
0516094,無線網路,數位遊戲與學習,虛擬實境與擴增實境,電腦視覺,高等UNIX程式設計,電腦動畫與特效,作業系統設計與實作,使用者經驗與易用性評估,人工智慧,演化計算
0516095,無線網路,數位遊戲與學習,虛擬實境與擴增實境,電腦視覺,高等UNIX程式設計,電腦動畫與特效,,,,
0516096,無線網路,數位遊戲與學習,虛擬實境與擴增實境,電腦視覺,高等UNIX程式設計,電腦動畫與特效,,,,
0516097,無線網路,數位遊戲與學習,虛擬實境與擴增實境,電腦視覺,高等UNIX程式設計,電腦動畫與特效,,,,
0516098,無線網路,數位遊戲與學習,虛擬實境與擴增實境,電腦視覺,高等UNIX程式設計,電腦動畫與特效,作業系統設計與實作,人工智慧,使用者經驗與易用性評估,演化計算
0516099,無線網路,數位遊戲與學習,虛擬實境與擴增實境,電腦視覺,高等UNIX程式設計,電腦動畫與特效,,,,
0516101,無線網路,數位遊戲與學習,虛擬實境與擴增實境,電腦視覺,高等UNIX程式設計,電腦動畫與特效,,,,
0516102,無線網路,數位遊戲與學習,虛擬實境與擴增實境,電腦視覺,高等UNIX程式設計,電腦動畫與特效,作業系統設計與實作,使用者經驗與易用性評估,人工智慧,演化計算
0516103,無線網路,數位遊戲與學習,虛擬實境與擴增實境,高等UNIX程式設計,電腦視覺,電腦動畫與特效,作業系統設計與實作,使用者經驗與易用性評估,人工智慧,演化計算
0516104,無線網路,數位遊戲與學習,虛擬實境與擴增實境,電腦視覺,高等UNIX程式設計,電腦動畫與特效,作業系統設計與實作,使用者經驗與易用性評估,人工智慧,演化計算
0516105,無線網路,數位遊戲與學習,虛擬實境與擴增實境,電腦視覺,高等UNIX程式設計,電腦動畫與特效,,,,
0516106,無線網路,數位遊戲與學習,虛擬實境與擴增實境,電腦視覺,高等UNIX程式設計,電腦動畫與特效,作業系統設計與實作,,,
0516107,無線網路,數位遊戲與學習,虛擬實境與擴增實境,電腦視覺,高等UNIX程式設計,電腦動畫與特效,,,,
0516110,無線網路,數位遊戲與學習,虛擬實境與擴增實境,電腦視覺,高等UNIX程式設計,作業系統設計與實作,使用者經驗與易用性評估,人工智慧,電腦動畫與特效,
0516111,無線網路,數位遊戲與學習,虛擬實境與擴增實境,電腦視覺,高等UNIX程式設計,電腦動畫與特效,作業系統設計與實作,使用者經驗與易用性評估,人工智慧,演化計算
0516112,無線網路,數位遊戲與學習,虛擬實境與擴增實境,電腦視覺,高等UNIX程式設計,電腦動畫與特效,,,,
0516114,無線網路,數位遊戲與學習,虛擬實境與擴增實境,電腦視覺,高等UNIX程式設計,電腦動畫與特效,,,,
0516117,無線網路,數位遊戲與學習,虛擬實境與擴增實境,電腦視覺,高等UNIX程式設計,電腦動畫與特效,作業系統設計與實作,使用者經驗與易用性評估,人工智慧,演化計算
0516118,無線網路,數位遊戲與學習,虛擬實境與擴增實境,電腦視覺,高等UNIX程式設計,電腦動畫與特效,作業系統設計與實作,使用者經驗與易用性評估,人工智慧,演化計算
0516119,無線網路,數位遊戲與學習,虛擬實境與擴增實境,電腦視覺,高等UNIX程式設計,電腦動畫與特效,,,,
0516201,數位遊戲與學習,虛擬實境與擴增實境,電腦視覺,高等UNIX程式設計,電腦動畫與特效,作業系統設計與實作,人工智慧,使用者經驗與易用性評估,演化計算,深度學習與實務
0516202,無線網路,數位遊戲與學習,虛擬實境與擴增實境,高等UNIX程式設計,電腦視覺,電腦動畫與特效,作業系統設計與實作,使用者經驗與易用性評估,人工智慧,演化計算
0516203,無線網路,數位遊戲與學習,虛擬實境與擴增實境,電腦視覺,高等UNIX程式設計,電腦動畫與特效,作業系統設計與實作,人工智慧,使用者經驗與易用性評估,演化計算
0516204,無線網路,數位遊戲與學習,虛擬實境與擴增實境,電腦視覺,高等UNIX程式設計,電腦動畫與特效,作業系統設計與實作,使用者經驗與易用性評估,人工智慧,演化計算
0516205,無線網路,數位遊戲與學習,虛擬實境與擴增實境,電腦視覺,高等UNIX程式設計,電腦動畫與特效,作業系統設計與實作,使用者經驗與易用性評估,人工智慧,演化計算
0516206,無線網路,數位遊戲與學習,虛擬實境與擴增實境,電腦視覺,高等UNIX程式設計,電腦動畫與特效,作業系統設計與實作,人工智慧,使用者經驗與易用性評估,演化計算
0516207,無線網路,數位遊戲與學習,虛擬實境與擴增實境,電腦視覺,高等UNIX程式設計,電腦動畫與特效,作業系統設計與實作,人工智慧,使用者經驗與易用性評估,演化計算
0516208,無線網路,數位遊戲與學習,虛擬實境與擴增實境,電腦視覺,高等UNIX程式設計,作業系統設計與實作,使用者經驗與易用性評估,人工智慧,演化計算,演算法
0516209,無線網路,數位遊戲與學習,虛擬實境與擴增實境,電腦視覺,高等UNIX程式設計,電腦動畫與特效,作業系統設計與實作,使用者經驗與易用性評估,人工智慧,演化計算
0516210,無線網路,數位遊戲與學習,虛擬實境與擴增實境,電腦視覺,高等UNIX程式設計,電腦動畫與特效,作業系統設計與實作,使用者經驗與易用性評估,人工智慧,演算法
0516211,無線網路,虛擬實境與擴增實境,電腦視覺,高等UNIX程式設計,電腦動畫與特效,作業系統設計與實作,使用者經驗與易用性評估,人工智慧,演化計算,演算法
0516212,無線網路,數位遊戲與學習,虛擬實境與擴增實境,電腦視覺,高等UNIX程式設計,電腦動畫與特效,作業系統設計與實作,使用者經驗與易用性評估,人工智慧,演化計算
0516213,無線網路,數位遊戲與學習,虛擬實境與擴增實境,電腦視覺,高等UNIX程式設計,電腦動畫與特效,作業系統設計與實作,使用者經驗與易用性評估,人工智慧,演化計算
0516214,無線網路,數位遊戲與學習,虛擬實境與擴增實境,電腦視覺,高等UNIX程式設計,電腦動畫與特效,作業系統設計與實作,使用者經驗與易用性評估,人工智慧,演化計算
0516215,無線網路,數位遊戲與學習,虛擬實境與擴增實境,電腦視覺,高等UNIX程式設計,電腦動畫與特效,作業系統設計與實作,使用者經驗與易用性評估,人工智慧,演化計算
0516216,無線網路,數位遊戲與學習,虛擬實境與擴增實境,電腦視覺,高等UNIX程式設計,電腦動畫與特效,,,,
0516217,無線網路,數位遊戲與學習,虛擬實境與擴增實境,電腦視覺,高等UNIX程式設計,電腦動畫與特效,作業系統設計與實作,使用者經驗與易用性評估,人工智慧,演化計算
0516218,無線網路,數位遊戲與學習,虛擬實境與擴增實境,電腦視覺,高等UNIX程式設計,電腦動畫與特效,作業系統設計與實作,使用者經驗與易用性評估,人工智慧,演化計算
0516219,無線網路,數位遊戲與學習,虛擬實境與擴增實境,電腦視覺,高等UNIX程式設計,電腦動畫與特效,作業系統設計與實作,使用者經驗與易用性評估,人工智慧,演化計算
0516220,無線網路,數位遊戲與學習,虛擬實境與擴增實境,電腦視覺,高等UNIX程式設計,電腦動畫與特效,作業系統設計與實作,使用者經驗與易用性評估,人工智慧,演化計算
0516221,無線網路,數位遊戲與學習,虛擬實境與擴增實境,電腦視覺,高等UNIX程式設計,作業系統設計與實作,使用者經驗與易用性評估,人工智慧,演化計算,演算法
0516222,無線網路,數位遊戲與學習,虛擬實境與擴增實境,高等UNIX程式設計,電腦視覺,電腦動畫與特效,作業系統設計與實作,使用者經驗與易用性評估,人工智慧,演化計算
0516223,無線網路,數位遊戲與學習,虛擬實境與擴增實境,電腦視覺,高等UNIX程式設計,電腦動畫與特效,作業系統設計與實作,人工智慧,演化計算,深度學習與實務
0516224,數位遊戲與學習,虛擬實境與擴增實境,電腦視覺,高等UNIX程式設計,電腦動畫與特效,作業系統設計與實作,使用者經驗與易用性評估,人工智慧,演化計算,演算法
0516225,無線網路,數位遊戲與學習,虛擬實境與擴增實境,電腦視覺,高等UNIX程式設計,電腦動畫與特效,作業系統設計與實作,使用者經驗與易用性評估,人工智慧,演化計算
0516226,無線網路,數位遊戲與學習,虛擬實境與擴增實境,電腦視覺,高等UNIX程式設計,電腦動畫與特效,作業系統設計與實作,使用者經驗與易用性評估,人工智慧,演化計算
0516227,無線網路,數位遊戲與學習,虛擬實境與擴增實境,電腦視覺,高等UNIX程式設計,電腦動畫與特效,作業系統設計與實作,人工智慧,使用者經驗與易用性評估,演化計算
0516228,無線網路,數位遊戲與學習,虛擬實境與擴增實境,高等UNIX程式設計,電腦視覺,電腦動畫與特效,作業系統設計與實作,使用者經驗與易用性評估,人工智慧,演化計算
0516229,無線網路,數位遊戲與學習,虛擬實境與擴增實境,電腦視覺,高等UNIX程式設計,電腦動畫與特效,,,,
0516230,無線網路,數位遊戲與學習,虛擬實境與擴增實境,電腦視覺,高等UNIX程式設計,電腦動畫與特效,作業系統設計與實作,使用者經驗與易用性評估,人工智慧,演算法
0516231,無線網路,數位遊戲與學習,虛擬實境與擴增實境,電腦視覺,高等UNIX程式設計,電腦動畫與特效,作業系統設計與實作,人工智慧,使用者經驗與易用性評估,演化計算
0516232,無線網路,數位遊戲與學習,虛擬實境與擴增實境,電腦視覺,高等UNIX程式設計,電腦動畫與特效,作業系統設計與實作,人工智慧,使用者經驗與易用性評估,演化計算
0516233,無線網路,數位遊戲與學習,虛擬實境與擴增實境,電腦視覺,高等UNIX程式設計,電腦動畫與特效,作業系統設計與實作,使用者經驗與易用性評估,人工智慧,演化計算
0516234,無線網路,數位遊戲與學習,虛擬實境與擴增實境,電腦視覺,高等UNIX程式設計,電腦動畫與特效,作業系統設計與實作,使用者經驗與易用性評估,人工智慧,演化計算
0516235,無線網路,數位遊戲與學習,虛擬實境與擴增實境,電腦視覺,高等UNIX程式設計,電腦動畫與特效,作業系統設計與實作,使用者經驗與易用性評估,人工智慧,演化計算
0516236,無線網路,數位遊戲與學習,虛擬實境與擴增實境,電腦視覺,高等UNIX程式設計,電腦動畫與特效,作業系統設計與實作,人工智慧,使用者經驗與易用性評估,演化計算
0516237,無線網路,數位遊戲與學習,虛擬實境與擴增實境,電腦視覺,高等UNIX程式設計,電腦動畫與特效,,,,
0516238,無線網路,數位遊戲與學習,虛擬實境與擴增實境,電腦視覺,高等UNIX程式設計,電腦動畫與特效,作業系統設計與實作,使用者經驗與易用性評估,人工智慧,演化計算
0516239,無線網路,數位遊戲與學習,虛擬實境與擴增實境,電腦視覺,高等UNIX程式設計,電腦動畫與特效,作業系統設計與實作,使用者經驗與易用性評估,人工智慧,演化計算
0516240,無線網路,數位遊戲與學習,虛擬實境與擴增實境,電腦視覺,高等UNIX程式設計,電腦動畫與特效,作業系統設計與實作,使用者經驗與易用性評估,人工智慧,演化計算
0516241,無線網路,數位遊戲與學習,虛擬實境與擴增實境,電腦視覺,高等UNIX程式設計,電腦動畫與特效,作業系統設計與實作,使用者經驗與易用性評估,人工智慧,演化計算
0516242,無線網路,數位遊戲與學習,虛擬實境與擴增實境,電腦視覺,高等UNIX程式設計,電腦動畫與特效,作業系統設計與實作,人工智慧,使用者經驗與易用性評估,演化計算
0516243,無線網路,數位遊戲與學習,虛擬實境與擴增實境,電腦視覺,高等UNIX程式設計,電腦動畫與特效,作業系統設計與實作,使用者經驗與易用性評估,人工智慧,演算法
0516244,無線網路,數位遊戲與學習,虛擬實境與擴增實境,電腦視覺,高等UNIX程式設計,電腦動畫與特效,作業系統設計與實作,使用者經驗與易用性評估,人工智慧,演化計算
0516245,無線網路,數位遊戲與學習,虛擬實境與擴增實境,電腦視覺,高等UNIX程式設計,電腦動畫與特效,,,,
0516246,無線網路,數位遊戲與學習,虛擬實境與擴增實境,電腦視覺,高等UNIX程式設計,電腦動畫與特效,作業系統設計與實作,使用者經驗與易用性評估,人工智慧,演化計算
0516247,無線網路,數位遊戲與學習,虛擬實境與擴增實境,電腦視覺,高等UNIX程式設計,作業系統設計與實作,使用者經驗與易用性評估,人工智慧,演化計算,深度學習與實務
0516249,無線網路,數位遊戲與學習,虛擬實境與擴增實境,電腦視覺,高等UNIX程式設計,電腦動畫與特效,作業系統設計與實作,使用者經驗與易用性評估,人工智慧,演化計算
0516250,無線網路,數位遊戲與學習,虛擬實境與擴增實境,電腦視覺,高等UNIX程式設計,電腦動畫與特效,,,,
0516251,無線網路,數位遊戲與學習,虛擬實境與擴增實境,電腦視覺,高等UNIX程式設計,電腦動畫與特效,作業系統設計與實作,使用者經驗與易用性評估,人工智慧,演化計算
0516252,無線網路,數位遊戲與學習,虛擬實境與擴增實境,電腦視覺,高等UNIX程式設計,電腦動畫與特效,,,,
0516254,無線網路,數位遊戲與學習,虛擬實境與擴增實境,電腦視覺,高等UNIX程式設計,電腦動畫與特效,,,,
0516255,無線網路,數位遊戲與學習,虛擬實境與擴增實境,電腦視覺,高等UNIX程式設計,電腦動畫與特效,,,,
0516256,無線網路,數位遊戲與學習,虛擬實境與擴增實境,電腦視覺,高等UNIX程式設計,電腦動畫與特效,作業系統設計與實作,,,
0516257,無線網路,數位遊戲與學習,虛擬實境與擴增實境,電腦視覺,高等UNIX程式設計,電腦動畫與特效,,,,
0516301,無線網路,數位遊戲與學習,虛擬實境與擴增實境,高等UNIX程式設計,電腦視覺,電腦動畫與特效,作業系統設計與實作,使用者經驗與易用性評估,人工智慧,演算法
0516302,無線網路,數位遊戲與學習,虛擬實境與擴增實境,電腦視覺,高等UNIX程式設計,電腦動畫與特效,作業系統設計與實作,使用者經驗與易用性評估,人工智慧,演化計算
0516303,無線網路,數位遊戲與學習,虛擬實境與擴增實境,電腦視覺,高等UNIX程式設計,作業系統設計與實作,使用者經驗與易用性評估,人工智慧,演化計算,演算法
0516304,無線網路,數位遊戲與學習,虛擬實境與擴增實境,電腦視覺,高等UNIX程式設計,電腦動畫與特效,作業系統設計與實作,使用者經驗與易用性評估,人工智慧,演化計算
0516305,無線網路,數位遊戲與學習,虛擬實境與擴增實境,電腦視覺,高等UNIX程式設計,電腦動畫與特效,作業系統設計與實作,使用者經驗與易用性評估,人工智慧,演算法
0516306,無線網路,數位遊戲與學習,虛擬實境與擴增實境,電腦視覺,高等UNIX程式設計,電腦動畫與特效,作業系統設計與實作,使用者經驗與易用性評估,人工智慧,演化計算
0516307,無線網路,數位遊戲與學習,虛擬實境與擴增實境,電腦視覺,高等UNIX程式設計,電腦動畫與特效,作業系統設計與實作,使用者經驗與易用性評估,人工智慧,演化計算
0516308,無線網路,數位遊戲與學習,虛擬實境與擴增實境,電腦視覺,高等UNIX程式設計,電腦動畫與特效,作業系統設計與實作,使用者經驗與易用性評估,人工智慧,演化計算
0516309,無線網路,數位遊戲與學習,虛擬實境與擴增實境,電腦視覺,高等UNIX程式設計,電腦動畫與特效,作業系統設計與實作,使用者經驗與易用性評估,人工智慧,演算法
0516310,無線網路,數位遊戲與學習,虛擬實境與擴增實境,高等UNIX程式設計,電腦視覺,電腦動畫與特效,作業系統設計與實作,使用者經驗與易用性評估,人工智慧,演算法
0516311,無線網路,數位遊戲與學習,虛擬實境與擴增實境,電腦視覺,高等UNIX程式設計,電腦動畫與特效,,,,
0516312,無線網路,數位遊戲與學習,虛擬實境與擴增實境,電腦視覺,高等UNIX程式設計,電腦動畫與特效,作業系統設計與實作,使用者經驗與易用性評估,人工智慧,演化計算
0516313,無線網路,數位遊戲與學習,虛擬實境與擴增實境,電腦視覺,高等UNIX程式設計,電腦動畫與特效,作業系統設計與實作,使用者經驗與易用性評估,人工智慧,演化計算
0516314,無線網路,數位遊戲與學習,虛擬實境與擴增實境,電腦視覺,高等UNIX程式設計,電腦動畫與特效,作業系統設計與實作,使用者經驗與易用性評估,人工智慧,演化計算
0516316,無線網路,數位遊戲與學習,虛擬實境與擴增實境,電腦視覺,高等UNIX程式設計,電腦動畫與特效,作業系統設計與實作,使用者經驗與易用性評估,人工智慧,演化計算
0516317,無線網路,數位遊戲與學習,虛擬實境與擴增實境,電腦視覺,高等UNIX程式設計,電腦動畫與特效,作業系統設計與實作,人工智慧,使用者經驗與易用性評估,演化計算
0516318,無線網路,數位遊戲與學習,虛擬實境與擴增實境,電腦視覺,高等UNIX程式設計,電腦動畫與特效,作業系統設計與實作,使用者經驗與易用性評估,人工智慧,演化計算
0516319,無線網路,數位遊戲與學習,虛擬實境與擴增實境,電腦視覺,高等UNIX程式設計,電腦動畫與特效,作業系統設計與實作,人工智慧,使用者經驗與易用性評估,演化計算
0516320,無線網路,數位遊戲與學習,虛擬實境與擴增實境,電腦視覺,高等UNIX程式設計,電腦動畫與特效,作業系統設計與實作,使用者經驗與易用性評估,人工智慧,演化計算
0516321,無線網路,數位遊戲與學習,虛擬實境與擴增實境,電腦視覺,高等UNIX程式設計,電腦動畫與特效,作業系統設計與實作,人工智慧,使用者經驗與易用性評估,演化計算
0516322,無線網路,數位遊戲與學習,虛擬實境與擴增實境,電腦視覺,高等UNIX程式設計,電腦動畫與特效,作業系統設計與實作,使用者經驗與易用性評估,人工智慧,演化計算
0516323,無線網路,數位遊戲與學習,虛擬實境與擴增實境,電腦視覺,高等UNIX程式設計,電腦動畫與特效,作業系統設計與實作,人工智慧,使用者經驗與易用性評估,演化計算
0516324,無線網路,數位遊戲與學習,虛擬實境與擴增實境,高等UNIX程式設計,電腦視覺,電腦動畫與特效,作業系統設計與實作,使用者經驗與易用性評估,人工智慧,演算法
0516325,無線網路,數位遊戲與學習,虛擬實境與擴增實境,電腦視覺,高等UNIX程式設計,電腦動畫與特效,,,,
0516326,無線網路,數位遊戲與學習,虛擬實境與擴增實境,電腦視覺,高等UNIX程式設計,電腦動畫與特效,作業系統設計與實作,使用者經驗與易用性評估,人工智慧,演化計算
0516327,無線網路,數位遊戲與學習,虛擬實境與擴增實境,電腦視覺,高等UNIX程式設計,電腦動畫與特效,作業系統設計與實作,使用者經驗與易用性評估,人工智慧,演化計算
0516328,無線網路,數位遊戲與學習,虛擬實境與擴增實境,電腦視覺,高等UNIX程式設計,電腦動畫與特效,,,,
0516329,無線網路,數位遊戲與學習,虛擬實境與擴增實境,電腦視覺,高等UNIX程式設計,電腦動畫與特效,作業系統設計與實作,使用者經驗與易用性評估,人工智慧,演化計算
0516330,無線網路,數位遊戲與學習,虛擬實境與擴增實境,電腦視覺,高等UNIX程式設計,電腦動畫與特效,,,,
0516332,無線網路,數位遊戲與學習,虛擬實境與擴增實境,電腦視覺,高等UNIX程式設計,電腦動畫與特效,作業系統設計與實作,人工智慧,使用者經驗與易用性評估,演化計算
0516333,無線網路,數位遊戲與學習,虛擬實境與擴增實境,電腦視覺,高等UNIX程式設計,電腦動畫與特效,,,,
0516334,無線網路,數位遊戲與學習,虛擬實境與擴增實境,電腦視覺,高等UNIX程式設計,電腦動畫與特效,作業系統設計與實作,使用者經驗與易用性評估,人工智慧,演化計算
0610516,無線網路,數位遊戲與學習,虛擬實境與擴增實境,電腦視覺,高等UNIX程式設計,電腦動畫與特效,,,,
0611031,無線網路,數位遊戲與學習,虛擬實境與擴增實境,電腦視覺,高等UNIX程式設計,電腦動畫與特效,,,,
0611103,無線網路,數位遊戲與學習,虛擬實境與擴增實境,電腦視覺,高等UNIX程式設計,電腦動畫與特效,,,,
0611201,無線網路,數位遊戲與學習,虛擬實境與擴增實境,電腦視覺,高等UNIX程式設計,電腦動畫與特效,,,,
0611234,無線網路,數位遊戲與學習,虛擬實境與擴增實境,電腦視覺,高等UNIX程式設計,電腦動畫與特效,,,,
0611262,無線網路,數位遊戲與學習,虛擬實境與擴增實境,電腦視覺,高等UNIX程式設計,電腦動畫與特效,,,,
0611289,無線網路,數位遊戲與學習,虛擬實境與擴增實境,電腦視覺,高等UNIX程式設計,電腦動畫與特效,,,,
0612019,無線網路,數位遊戲與學習,虛擬實境與擴增實境,電腦視覺,高等UNIX程式設計,電腦動畫與特效,,,,
0612129,無線網路,數位遊戲與學習,虛擬實境與擴增實境,電腦視覺,高等UNIX程式設計,電腦動畫與特效,,,,
0612236,無線網路,數位遊戲與學習,虛擬實境與擴增實境,電腦視覺,高等UNIX程式設計,電腦動畫與特效,,,,
0612241,無線網路,數位遊戲與學習,虛擬實境與擴增實境,電腦視覺,高等UNIX程式設計,電腦動畫與特效,,,,
0612242,無線網路,數位遊戲與學習,虛擬實境與擴增實境,電腦視覺,高等UNIX程式設計,電腦動畫與特效,,,,
0612255,無線網路,數位遊戲與學習,虛擬實境與擴增實境,電腦視覺,高等UNIX程式設計,電腦動畫與特效,,,,
0612542,無線網路,數位遊戲與學習,虛擬實境與擴增實境,電腦視覺,高等UNIX程式設計,電腦動畫與特效,,,,
0612544,無線網路,數位遊戲與學習,虛擬實境與擴增實境,電腦視覺,高等UNIX程式設計,電腦動畫與特效,,,,
0612549,無線網路,數位遊戲與學習,虛擬實境與擴增實境,電腦視覺,高等UNIX程式設計,電腦動畫與特效,,,,
0613246,無線網路,數位遊戲與學習,虛擬實境與擴增實境,電腦視覺,高等UNIX程式設計,電腦動畫與特效,,,,
0613316,無線網路,數位遊戲與學習,虛擬實境與擴增實境,電腦視覺,高等UNIX程式設計,電腦動畫與特效,,,,
0613350,無線網路,數位遊戲與學習,虛擬實境與擴增實境,電腦視覺,高等UNIX程式設計,電腦動畫與特效,,,,
0613358,無線網路,數位遊戲與學習,虛擬實境與擴增實境,電腦視覺,高等UNIX程式設計,電腦動畫與特效,,,,
0613457,無線網路,數位遊戲與學習,虛擬實境與擴增實境,電腦視覺,高等UNIX程式設計,電腦動畫與特效,,,,
0616001,無線網路,數位遊戲與學習,虛擬實境與擴增實境,電腦視覺,高等UNIX程式設計,電腦動畫與特效,,,,
0616002,無線網路,數位遊戲與學習,虛擬實境與擴增實境,電腦視覺,高等UNIX程式設計,電腦動畫與特效,,,,
0616003,無線網路,數位遊戲與學習,虛擬實境與擴增實境,電腦視覺,高等UNIX程式設計,電腦動畫與特效,,,,
0616004,無線網路,數位遊戲與學習,虛擬實境與擴增實境,電腦視覺,高等UNIX程式設計,電腦動畫與特效,,,,
0616005,無線網路,數位遊戲與學習,虛擬實境與擴增實境,電腦視覺,高等UNIX程式設計,電腦動畫與特效,,,,
0616006,無線網路,數位遊戲與學習,虛擬實境與擴增實境,電腦視覺,高等UNIX程式設計,電腦動畫與特效,,,,
0616007,無線網路,數位遊戲與學習,虛擬實境與擴增實境,電腦視覺,高等UNIX程式設計,電腦動畫與特效,,,,
0616008,無線網路,數位遊戲與學習,虛擬實境與擴增實境,電腦視覺,高等UNIX程式設計,電腦動畫與特效,,,,
0616009,無線網路,數位遊戲與學習,虛擬實境與擴增實境,電腦視覺,高等UNIX程式設計,電腦動畫與特效,,,,
0616011,無線網路,數位遊戲與學習,虛擬實境與擴增實境,電腦視覺,高等UNIX程式設計,電腦動畫與特效,,,,
0616012,無線網路,數位遊戲與學習,虛擬實境與擴增實境,電腦視覺,高等UNIX程式設計,電腦動畫與特效,,,,
0616013,無線網路,數位遊戲與學習,虛擬實境與擴增實境,電腦視覺,高等UNIX程式設計,電腦動畫與特效,,,,
0616014,無線網路,數位遊戲與學習,虛擬實境與擴增實境,電腦視覺,高等UNIX程式設計,電腦動畫與特效,,,,
0616015,無線網路,數位遊戲與學習,虛擬實境與擴增實境,電腦視覺,高等UNIX程式設計,電腦動畫與特效,,,,
0616016,無線網路,數位遊戲與學習,虛擬實境與擴增實境,電腦視覺,高等UNIX程式設計,電腦動畫與特效,,,,
0616017,無線網路,數位遊戲與學習,虛擬實境與擴增實境,電腦視覺,高等UNIX程式設計,電腦動畫與特效,,,,
0616018,無線網路,數位遊戲與學習,虛擬實境與擴增實境,電腦視覺,高等UNIX程式設計,電腦動畫與特效,,,,
0616019,無線網路,數位遊戲與學習,虛擬實境與擴增實境,電腦視覺,高等UNIX程式設計,電腦動畫與特效,,,,
0616020,無線網路,數位遊戲與學習,虛擬實境與擴增實境,電腦視覺,高等UNIX程式設計,電腦動畫與特效,作業系統設計與實作,,,
0616021,無線網路,數位遊戲與學習,虛擬實境與擴增實境,電腦視覺,高等UNIX程式設計,電腦動畫與特效,,,,
0616022,無線網路,數位遊戲與學習,虛擬實境與擴增實境,電腦視覺,高等UNIX程式設計,電腦動畫與特效,,,,
0616023,無線網路,數位遊戲與學習,虛擬實境與擴增實境,電腦視覺,高等UNIX程式設計,電腦動畫與特效,,,,
0616024,無線網路,數位遊戲與學習,虛擬實境與擴增實境,電腦視覺,高等UNIX程式設計,電腦動畫與特效,,,,
0616025,無線網路,數位遊戲與學習,虛擬實境與擴增實境,電腦視覺,高等UNIX程式設計,電腦動畫與特效,,,,
0616026,無線網路,數位遊戲與學習,虛擬實境與擴增實境,電腦視覺,高等UNIX程式設計,電腦動畫與特效,,,,
0616027,無線網路,數位遊戲與學習,虛擬實境與擴增實境,電腦視覺,高等UNIX程式設計,電腦動畫與特效,,,,
0616028,無線網路,數位遊戲與學習,虛擬實境與擴增實境,電腦視覺,高等UNIX程式設計,電腦動畫與特效,,,,
0616029,無線網路,數位遊戲與學習,虛擬實境與擴增實境,電腦視覺,高等UNIX程式設計,電腦動畫與特效,,,,
0616030,無線網路,數位遊戲與學習,虛擬實境與擴增實境,電腦視覺,高等UNIX程式設計,電腦動畫與特效,,,,
0616031,無線網路,數位遊戲與學習,虛擬實境與擴增實境,電腦視覺,高等UNIX程式設計,電腦動畫與特效,,,,
0616032,無線網路,數位遊戲與學習,虛擬實境與擴增實境,電腦視覺,高等UNIX程式設計,電腦動畫與特效,,,,
0616033,無線網路,數位遊戲與學習,虛擬實境與擴增實境,電腦視覺,高等UNIX程式設計,電腦動畫與特效,,,,
0616034,無線網路,數位遊戲與學習,虛擬實境與擴增實境,電腦視覺,高等UNIX程式設計,電腦動畫與特效,,,,
0616035,無線網路,數位遊戲與學習,虛擬實境與擴增實境,電腦視覺,高等UNIX程式設計,電腦動畫與特效,,,,
0616036,無線網路,數位遊戲與學習,虛擬實境與擴增實境,電腦視覺,高等UNIX程式設計,電腦動畫與特效,,,,
0616037,無線網路,數位遊戲與學習,虛擬實境與擴增實境,電腦視覺,高等UNIX程式設計,電腦動畫與特效,,,,
0616038,無線網路,數位遊戲與學習,虛擬實境與擴增實境,電腦視覺,高等UNIX程式設計,電腦動畫與特效,,,,
0616039,無線網路,數位遊戲與學習,虛擬實境與擴增實境,電腦視覺,高等UNIX程式設計,電腦動畫與特效,,,,
0616040,無線網路,數位遊戲與學習,虛擬實境與擴增實境,電腦視覺,高等UNIX程式設計,電腦動畫與特效,,,,
0616041,無線網路,數位遊戲與學習,虛擬實境與擴增實境,電腦視覺,高等UNIX程式設計,電腦動畫與特效,,,,
0616042,無線網路,數位遊戲與學習,虛擬實境與擴增實境,電腦視覺,高等UNIX程式設計,電腦動畫與特效,,,,
0616043,無線網路,數位遊戲與學習,虛擬實境與擴增實境,電腦視覺,高等UNIX程式設計,電腦動畫與特效,,,,
0616044,無線網路,數位遊戲與學習,虛擬實境與擴增實境,電腦視覺,高等UNIX程式設計,電腦動畫與特效,,,,
0616045,無線網路,數位遊戲與學習,虛擬實境與擴增實境,電腦視覺,高等UNIX程式設計,電腦動畫與特效,,,,
0616046,無線網路,數位遊戲與學習,虛擬實境與擴增實境,電腦視覺,高等UNIX程式設計,電腦動畫與特效,,,,
0616048,無線網路,數位遊戲與學習,虛擬實境與擴增實境,電腦視覺,高等UNIX程式設計,電腦動畫與特效,,,,
0616049,無線網路,數位遊戲與學習,虛擬實境與擴增實境,電腦視覺,高等UNIX程式設計,電腦動畫與特效,,,,
0616050,無線網路,數位遊戲與學習,虛擬實境與擴增實境,電腦視覺,高等UNIX程式設計,電腦動畫與特效,,,,
0616052,無線網路,數位遊戲與學習,虛擬實境與擴增實境,電腦視覺,高等UNIX程式設計,電腦動畫與特效,,,,
0616053,無線網路,數位遊戲與學習,虛擬實境與擴增實境,電腦視覺,高等UNIX程式設計,電腦動畫與特效,,,,
0616055,無線網路,數位遊戲與學習,虛擬實境與擴增實境,電腦視覺,高等UNIX程式設計,電腦動畫與特效,,,,
0616056,無線網路,數位遊戲與學習,虛擬實境與擴增實境,電腦視覺,高等UNIX程式設計,電腦動畫與特效,,,,
0616057,無線網路,數位遊戲與學習,虛擬實境與擴增實境,電腦視覺,高等UNIX程式設計,電腦動畫與特效,,,,
0616058,無線網路,數位遊戲與學習,虛擬實境與擴增實境,電腦視覺,高等UNIX程式設計,電腦動畫與特效,,,,
0616059,無線網路,數位遊戲與學習,虛擬實境與擴增實境,電腦視覺,高等UNIX程式設計,電腦動畫與特效,,,,
0616060,無線網路,數位遊戲與學習,虛擬實境與擴增實境,電腦視覺,高等UNIX程式設計,電腦動畫與特效,,,,
0616061,無線網路,數位遊戲與學習,虛擬實境與擴增實境,電腦視覺,高等UNIX程式設計,電腦動畫與特效,,,,
0616062,無線網路,數位遊戲與學習,虛擬實境與擴增實境,電腦視覺,高等UNIX程式設計,電腦動畫與特效,,,,
0616063,無線網路,數位遊戲與學習,虛擬實境與擴增實境,電腦視覺,高等UNIX程式設計,電腦動畫與特效,,,,
0616064,無線網路,數位遊戲與學習,虛擬實境與擴增實境,電腦視覺,高等UNIX程式設計,電腦動畫與特效,,,,
0616065,無線網路,數位遊戲與學習,虛擬實境與擴增實境,電腦視覺,高等UNIX程式設計,電腦動畫與特效,,,,
0616066,無線網路,數位遊戲與學習,虛擬實境與擴增實境,電腦視覺,高等UNIX程式設計,電腦動畫與特效,,,,
0616067,無線網路,數位遊戲與學習,虛擬實境與擴增實境,電腦視覺,高等UNIX程式設計,電腦動畫與特效,,,,
0616068,無線網路,數位遊戲與學習,虛擬實境與擴增實境,電腦視覺,高等UNIX程式設計,電腦動畫與特效,,,,
0616069,無線網路,數位遊戲與學習,虛擬實境與擴增實境,電腦視覺,高等UNIX程式設計,電腦動畫與特效,,,,
0616070,無線網路,數位遊戲與學習,虛擬實境與擴增實境,電腦視覺,高等UNIX程式設計,電腦動畫與特效,,,,
0616071,無線網路,數位遊戲與學習,虛擬實境與擴增實境,電腦視覺,高等UNIX程式設計,電腦動畫與特效,,,,
0616072,無線網路,數位遊戲與學習,虛擬實境與擴增實境,電腦視覺,高等UNIX程式設計,電腦動畫與特效,,,,
0616073,無線網路,數位遊戲與學習,虛擬實境與擴增實境,電腦視覺,高等UNIX程式設計,電腦動畫與特效,,,,
0616074,無線網路,數位遊戲與學習,虛擬實境與擴增實境,電腦視覺,高等UNIX程式設計,電腦動畫與特效,,,,
0616075,無線網路,數位遊戲與學習,虛擬實境與擴增實境,電腦視覺,高等UNIX程式設計,電腦動畫與特效,,,,
0616076,無線網路,數位遊戲與學習,虛擬實境與擴增實境,電腦視覺,高等UNIX程式設計,電腦動畫與特效,,,,
0616077,無線網路,數位遊戲與學習,虛擬實境與擴增實境,電腦視覺,高等UNIX程式設計,電腦動畫與特效,,,,
0616078,無線網路,數位遊戲與學習,虛擬實境與擴增實境,電腦視覺,高等UNIX程式設計,電腦動畫與特效,,,,
0616079,無線網路,數位遊戲與學習,虛擬實境與擴增實境,電腦視覺,高等UNIX程式設計,電腦動畫與特效,,,,
0616080,無線網路,數位遊戲與學習,虛擬實境與擴增實境,電腦視覺,高等UNIX程式設計,電腦動畫與特效,,,,
0616081,無線網路,數位遊戲與學習,虛擬實境與擴增實境,電腦視覺,高等UNIX程式設計,電腦動畫與特效,作業系統設計與實作,使用者經驗與易用性評估,人工智慧,演化計算
0616082,無線網路,數位遊戲與學習,虛擬實境與擴增實境,電腦視覺,高等UNIX程式設計,電腦動畫與特效,,,,
0616083,無線網路,數位遊戲與學習,虛擬實境與擴增實境,電腦視覺,高等UNIX程式設計,電腦動畫與特效,,,,
0616084,無線網路,數位遊戲與學習,虛擬實境與擴增實境,電腦視覺,高等UNIX程式設計,電腦動畫與特效,,,,
0616085,無線網路,數位遊戲與學習,虛擬實境與擴增實境,電腦視覺,高等UNIX程式設計,電腦動畫與特效,,,,
0616086,無線網路,數位遊戲與學習,虛擬實境與擴增實境,電腦視覺,高等UNIX程式設計,電腦動畫與特效,,,,
0616087,無線網路,數位遊戲與學習,虛擬實境與擴增實境,電腦視覺,高等UNIX程式設計,電腦動畫與特效,,,,
0616088,無線網路,數位遊戲與學習,虛擬實境與擴增實境,電腦視覺,高等UNIX程式設計,電腦動畫與特效,,,,
0616089,無線網路,數位遊戲與學習,虛擬實境與擴增實境,電腦視覺,高等UNIX程式設計,電腦動畫與特效,,,,
0616090,無線網路,數位遊戲與學習,虛擬實境與擴增實境,電腦視覺,高等UNIX程式設計,電腦動畫與特效,,,,
0616091,無線網路,數位遊戲與學習,虛擬實境與擴增實境,電腦視覺,高等UNIX程式設計,電腦動畫與特效,,,,
0616092,無線網路,數位遊戲與學習,虛擬實境與擴增實境,電腦視覺,高等UNIX程式設計,電腦動畫與特效,,,,
0616093,無線網路,數位遊戲與學習,虛擬實境與擴增實境,電腦視覺,高等UNIX程式設計,電腦動畫與特效,,,,
0616094,無線網路,數位遊戲與學習,虛擬實境與擴增實境,電腦視覺,高等UNIX程式設計,電腦動畫與特效,,,,
0616095,無線網路,數位遊戲與學習,虛擬實境與擴增實境,電腦視覺,高等UNIX程式設計,電腦動畫與特效,,,,
0616096,無線網路,數位遊戲與學習,虛擬實境與擴增實境,電腦視覺,高等UNIX程式設計,電腦動畫與特效,,,,
0616097,無線網路,數位遊戲與學習,虛擬實境與擴增實境,電腦視覺,高等UNIX程式設計,電腦動畫與特效,,,,
0616098,無線網路,數位遊戲與學習,虛擬實境與擴增實境,電腦視覺,高等UNIX程式設計,電腦動畫與特效,,,,
0616099,無線網路,數位遊戲與學習,虛擬實境與擴增實境,電腦視覺,高等UNIX程式設計,電腦動畫與特效,作業系統設計與實作,使用者經驗與易用性評估,人工智慧,演化計算
0616100,無線網路,數位遊戲與學習,虛擬實境與擴增實境,電腦視覺,高等UNIX程式設計,電腦動畫與特效,,,,
0616101,無線網路,數位遊戲與學習,虛擬實境與擴增實境,電腦視覺,高等UNIX程式設計,電腦動畫與特效,,,,
0616102,無線網路,數位遊戲與學習,虛擬實境與擴增實境,電腦視覺,高等UNIX程式設計,電腦動畫與特效,,,,
0616103,無線網路,數位遊戲與學習,虛擬實境與擴增實境,電腦視覺,高等UNIX程式設計,電腦動畫與特效,,,,
0616104,無線網路,數位遊戲與學習,虛擬實境與擴增實境,電腦視覺,高等UNIX程式設計,電腦動畫與特效,,,,
0616105,無線網路,數位遊戲與學習,虛擬實境與擴增實境,電腦視覺,高等UNIX程式設計,電腦動畫與特效,,,,
0616106,無線網路,數位遊戲與學習,虛擬實境與擴增實境,電腦視覺,高等UNIX程式設計,電腦動畫與特效,,,,
0616107,無線網路,數位遊戲與學習,虛擬實境與擴增實境,電腦視覺,高等UNIX程式設計,電腦動畫與特效,,,,
0616108,無線網路,數位遊戲與學習,虛擬實境與擴增實境,電腦視覺,高等UNIX程式設計,電腦動畫與特效,,,,
0616109,無線網路,數位遊戲與學習,虛擬實境與擴增實境,電腦視覺,高等UNIX程式設計,電腦動畫與特效,,,,
0616110,無線網路,數位遊戲與學習,虛擬實境與擴增實境,電腦視覺,高等UNIX程式設計,電腦動畫與特效,,,,
0616112,無線網路,數位遊戲與學習,虛擬實境與擴增實境,電腦視覺,高等UNIX程式設計,電腦動畫與特效,,,,
0616113,無線網路,數位遊戲與學習,虛擬實境與擴增實境,電腦視覺,高等UNIX程式設計,電腦動畫與特效,,,,
0616114,無線網路,數位遊戲與學習,虛擬實境與擴增實境,電腦視覺,高等UNIX程式設計,電腦動畫與特效,,,,
0616115,無線網路,數位遊戲與學習,虛擬實境與擴增實境,電腦視覺,高等UNIX程式設計,電腦動畫與特效,,,,
0616116,無線網路,數位遊戲與學習,虛擬實境與擴增實境,電腦視覺,高等UNIX程式設計,電腦動畫與特效,,,,
0616201,無線網路,數位遊戲與學習,虛擬實境與擴增實境,電腦視覺,高等UNIX程式設計,電腦動畫與特效,,,,
0616202,無線網路,數位遊戲與學習,虛擬實境與擴增實境,電腦視覺,高等UNIX程式設計,電腦動畫與特效,,,,
0616203,無線網路,數位遊戲與學習,虛擬實境與擴增實境,電腦視覺,高等UNIX程式設計,電腦動畫與特效,,,,
0616204,無線網路,數位遊戲與學習,虛擬實境與擴增實境,電腦視覺,高等UNIX程式設計,電腦動畫與特效,,,,
0616205,無線網路,數位遊戲與學習,虛擬實境與擴增實境,電腦視覺,高等UNIX程式設計,電腦動畫與特效,,,,
0616206,無線網路,數位遊戲與學習,虛擬實境與擴增實境,電腦視覺,高等UNIX程式設計,電腦動畫與特效,,,,
0616207,無線網路,數位遊戲與學習,虛擬實境與擴增實境,電腦視覺,高等UNIX程式設計,電腦動畫與特效,,,,
0616208,無線網路,數位遊戲與學習,虛擬實境與擴增實境,電腦視覺,高等UNIX程式設計,電腦動畫與特效,,,,
0616209,無線網路,數位遊戲與學習,虛擬實境與擴增實境,電腦視覺,高等UNIX程式設計,電腦動畫與特效,,,,
0616210,無線網路,數位遊戲與學習,虛擬實境與擴增實境,電腦視覺,高等UNIX程式設計,電腦動畫與特效,,,,
0616211,無線網路,數位遊戲與學習,虛擬實境與擴增實境,電腦視覺,高等UNIX程式設計,電腦動畫與特效,,,,
0616212,無線網路,數位遊戲與學習,虛擬實境與擴增實境,電腦視覺,高等UNIX程式設計,電腦動畫與特效,,,,
0616213,無線網路,數位遊戲與學習,虛擬實境與擴增實境,電腦視覺,高等UNIX程式設計,電腦動畫與特效,,,,
0616214,無線網路,數位遊戲與學習,虛擬實境與擴增實境,電腦視覺,高等UNIX程式設計,電腦動畫與特效,,,,
0616215,無線網路,數位遊戲與學習,虛擬實境與擴增實境,電腦視覺,高等UNIX程式設計,電腦動畫與特效,作業系統設計與實作,使用者經驗與易用性評估,,
0616216,無線網路,數位遊戲與學習,虛擬實境與擴增實境,電腦視覺,高等UNIX程式設計,電腦動畫與特效,,,,
0616217,無線網路,數位遊戲與學習,虛擬實境與擴增實境,電腦視覺,高等UNIX程式設計,電腦動畫與特效,,,,
0616218,無線網路,數位遊戲與學習,虛擬實境與擴增實境,電腦視覺,高等UNIX程式設計,電腦動畫與特效,,,,
0616219,無線網路,數位遊戲與學習,虛擬實境與擴增實境,電腦視覺,高等UNIX程式設計,電腦動畫與特效,,,,
0616220,無線網路,數位遊戲與學習,虛擬實境與擴增實境,電腦視覺,高等UNIX程式設計,電腦動畫與特效,,,,
0616221,無線網路,數位遊戲與學習,虛擬實境與擴增實境,電腦視覺,高等UNIX程式設計,電腦動畫與特效,,,,
0616222,無線網路,數位遊戲與學習,虛擬實境與擴增實境,電腦視覺,高等UNIX程式設計,電腦動畫與特效,,,,
0616223,無線網路,數位遊戲與學習,虛擬實境與擴增實境,電腦視覺,高等UNIX程式設計,電腦動畫與特效,作業系統設計與實作,使用者經驗與易用性評估,人工智慧,
0616224,無線網路,數位遊戲與學習,虛擬實境與擴增實境,電腦視覺,高等UNIX程式設計,電腦動畫與特效,,,,
0616225,無線網路,數位遊戲與學習,虛擬實境與擴增實境,電腦視覺,高等UNIX程式設計,電腦動畫與特效,,,,
0616226,無線網路,數位遊戲與學習,虛擬實境與擴增實境,電腦視覺,高等UNIX程式設計,電腦動畫與特效,,,,
0616227,無線網路,數位遊戲與學習,虛擬實境與擴增實境,電腦視覺,高等UNIX程式設計,電腦動畫與特效,,,,
0616228,無線網路,數位遊戲與學習,虛擬實境與擴增實境,電腦視覺,高等UNIX程式設計,電腦動畫與特效,,,,
0616229,無線網路,數位遊戲與學習,虛擬實境與擴增實境,電腦視覺,高等UNIX程式設計,電腦動畫與特效,,,,
0616230,無線網路,數位遊戲與學習,虛擬實境與擴增實境,電腦視覺,高等UNIX程式設計,電腦動畫與特效,,,,
0616231,無線網路,數位遊戲與學習,虛擬實境與擴增實境,電腦視覺,高等UNIX程式設計,電腦動畫與特效,,,,
0616232,無線網路,數位遊戲與學習,虛擬實境與擴增實境,電腦視覺,高等UNIX程式設計,電腦動畫與特效,,,,
0616233,無線網路,數位遊戲與學習,虛擬實境與擴增實境,電腦視覺,高等UNIX程式設計,電腦動畫與特效,,,,
0616234,無線網路,數位遊戲與學習,虛擬實境與擴增實境,電腦視覺,高等UNIX程式設計,電腦動畫與特效,,,,
0616235,無線網路,數位遊戲與學習,虛擬實境與擴增實境,電腦視覺,高等UNIX程式設計,電腦動畫與特效,,,,
0616236,無線網路,數位遊戲與學習,虛擬實境與擴增實境,電腦視覺,高等UNIX程式設計,電腦動畫與特效,,,,
0616237,無線網路,數位遊戲與學習,虛擬實境與擴增實境,電腦視覺,高等UNIX程式設計,電腦動畫與特效,,,,
0616238,無線網路,數位遊戲與學習,虛擬實境與擴增實境,電腦視覺,高等UNIX程式設計,電腦動畫與特效,,,,
0616239,無線網路,數位遊戲與學習,虛擬實境與擴增實境,電腦視覺,高等UNIX程式設計,電腦動畫與特效,,,,
0616240,無線網路,數位遊戲與學習,虛擬實境與擴增實境,電腦視覺,高等UNIX程式設計,電腦動畫與特效,,,,
0616241,無線網路,數位遊戲與學習,虛擬實境與擴增實境,電腦視覺,高等UNIX程式設計,電腦動畫與特效,,,,
0616242,無線網路,數位遊戲與學習,虛擬實境與擴增實境,電腦視覺,高等UNIX程式設計,電腦動畫與特效,,,,
0616243,無線網路,數位遊戲與學習,虛擬實境與擴增實境,電腦視覺,高等UNIX程式設計,電腦動畫與特效,,,,
0616244,無線網路,數位遊戲與學習,虛擬實境與擴增實境,電腦視覺,高等UNIX程式設計,電腦動畫與特效,,,,
0616245,無線網路,數位遊戲與學習,虛擬實境與擴增實境,電腦視覺,高等UNIX程式設計,電腦動畫與特效,,,,
0616246,無線網路,數位遊戲與學習,虛擬實境與擴增實境,電腦視覺,高等UNIX程式設計,電腦動畫與特效,,,,
0616247,無線網路,數位遊戲與學習,虛擬實境與擴增實境,電腦視覺,高等UNIX程式設計,電腦動畫與特效,,,,
0616248,無線網路,數位遊戲與學習,虛擬實境與擴增實境,電腦視覺,高等UNIX程式設計,電腦動畫與特效,,,,
0616249,無線網路,數位遊戲與學習,虛擬實境與擴增實境,電腦視覺,高等UNIX程式設計,電腦動畫與特效,,,,
0616250,無線網路,數位遊戲與學習,虛擬實境與擴增實境,電腦視覺,高等UNIX程式設計,電腦動畫與特效,,,,
0616301,無線網路,數位遊戲與學習,虛擬實境與擴增實境,電腦視覺,高等UNIX程式設計,電腦動畫與特效,,,,
0616302,無線網路,數位遊戲與學習,虛擬實境與擴增實境,電腦視覺,高等UNIX程式設計,電腦動畫與特效,,,,
0616303,無線網路,數位遊戲與學習,虛擬實境與擴增實境,電腦視覺,高等UNIX程式設計,電腦動畫與特效,,,,
0616304,無線網路,數位遊戲與學習,虛擬實境與擴增實境,電腦視覺,高等UNIX程式設計,電腦動畫與特效,,,,
0616305,無線網路,數位遊戲與學習,虛擬實境與擴增實境,電腦視覺,高等UNIX程式設計,電腦動畫與特效,,,,
0616306,無線網路,數位遊戲與學習,虛擬實境與擴增實境,電腦視覺,高等UNIX程式設計,電腦動畫與特效,,,,
0616307,無線網路,數位遊戲與學習,虛擬實境與擴增實境,電腦視覺,高等UNIX程式設計,電腦動畫與特效,,,,
0616308,無線網路,數位遊戲與學習,虛擬實境與擴增實境,電腦視覺,高等UNIX程式設計,電腦動畫與特效,,,,
0616309,無線網路,數位遊戲與學習,虛擬實境與擴增實境,電腦視覺,高等UNIX程式設計,電腦動畫與特效,,,,
0616310,無線網路,數位遊戲與學習,虛擬實境與擴增實境,電腦視覺,高等UNIX程式設計,電腦動畫與特效,,,,
0616311,無線網路,數位遊戲與學習,虛擬實境與擴增實境,電腦視覺,高等UNIX程式設計,電腦動畫與特效,,,,
0616312,無線網路,數位遊戲與學習,虛擬實境與擴增實境,電腦視覺,高等UNIX程式設計,電腦動畫與特效,,,,
0616313,無線網路,數位遊戲與學習,虛擬實境與擴增實境,電腦視覺,高等UNIX程式設計,電腦動畫與特效,,,,
0616314,無線網路,數位遊戲與學習,虛擬實境與擴增實境,電腦視覺,高等UNIX程式設計,電腦動畫與特效,,,,
0616315,無線網路,數位遊戲與學習,虛擬實境與擴增實境,電腦視覺,高等UNIX程式設計,電腦動畫與特效,,,,
0616316,無線網路,數位遊戲與學習,虛擬實境與擴增實境,電腦視覺,高等UNIX程式設計,電腦動畫與特效,,,,
0616317,無線網路,數位遊戲與學習,虛擬實境與擴增實境,電腦視覺,高等UNIX程式設計,電腦動畫與特效,,,,
0616318,無線網路,數位遊戲與學習,虛擬實境與擴增實境,電腦視覺,高等UNIX程式設計,電腦動畫與特效,,,,
0616319,無線網路,數位遊戲與學習,虛擬實境與擴增實境,電腦視覺,高等UNIX程式設計,電腦動畫與特效,,,,
0616320,無線網路,數位遊戲與學習,虛擬實境與擴增實境,電腦視覺,高等UNIX程式設計,電腦動畫與特效,,,,
0616321,無線網路,數位遊戲與學習,虛擬實境與擴增實境,電腦視覺,高等UNIX程式設計,電腦動畫與特效,,,,
0616322,無線網路,數位遊戲與學習,虛擬實境與擴增實境,電腦視覺,高等UNIX程式設計,電腦動畫與特效,,,,
0616323,無線網路,數位遊戲與學習,虛擬實境與擴增實境,電腦視覺,高等UNIX程式設計,電腦動畫與特效,,,,
0616324,無線網路,數位遊戲與學習,虛擬實境與擴增實境,電腦視覺,高等UNIX程式設計,電腦動畫與特效,,,,
0616325,無線網路,數位遊戲與學習,虛擬實境與擴增實境,電腦視覺,高等UNIX程式設計,電腦動畫與特效,,,,
0616326,無線網路,數位遊戲與學習,虛擬實境與擴增實境,電腦視覺,高等UNIX程式設計,電腦動畫與特效,,,,
0616327,無線網路,數位遊戲與學習,虛擬實境與擴增實境,電腦視覺,高等UNIX程式設計,電腦動畫與特效,,,,
0616328,無線網路,數位遊戲與學習,虛擬實境與擴增實境,電腦視覺,高等UNIX程式設計,電腦動畫與特效,,,,
0616329,無線網路,數位遊戲與學習,虛擬實境與擴增實境,電腦視覺,高等UNIX程式設計,電腦動畫與特效,,,,
0616330,無線網路,數位遊戲與學習,虛擬實境與擴增實境,電腦視覺,高等UNIX程式設計,電腦動畫與特效,,,,
0616331,無線網路,數位遊戲與學習,虛擬實境與擴增實境,電腦視覺,高等UNIX程式設計,電腦動畫與特效,,,,
0616332,無線網路,數位遊戲與學習,虛擬實境與擴增實境,電腦視覺,高等UNIX程式設計,電腦動畫與特效,,,,
0616333,無線網路,數位遊戲與學習,虛擬實境與擴增實境,電腦視覺,高等UNIX程式設計,電腦動畫與特效,,,,
0616334,無線網路,數位遊戲與學習,虛擬實境與擴增實境,電腦視覺,高等UNIX程式設計,電腦動畫與特效,,,,
0616335,無線網路,數位遊戲與學習,虛擬實境與擴增實境,電腦視覺,高等UNIX程式設計,電腦動畫與特效,,,,
0616336,無線網路,數位遊戲與學習,虛擬實境與擴增實境,電腦視覺,高等UNIX程式設計,電腦動畫與特效,,,,
0640004,無線網路,數位遊戲與學習,虛擬實境與擴增實境,演算法,電腦視覺,高等UNIX程式設計,電腦動畫與特效,,,
0640036,無線網路,數位遊戲與學習,虛擬實境與擴增實境,電腦視覺,高等UNIX程式設計,電腦動畫與特效,,,,
0640041,無線網路,數位遊戲與學習,虛擬實境與擴增實境,電腦視覺,高等UNIX程式設計,電腦動畫與特效,,,,
0640044,無線網路,數位遊戲與學習,虛擬實境與擴增實境,電腦視覺,高等UNIX程式設計,電腦動畫與特效,,,,
0640049,無線網路,數位遊戲與學習,虛擬實境與擴增實境,電腦視覺,高等UNIX程式設計,電腦動畫與特效,,,,
0640050,無線網路,數位遊戲與學習,虛擬實境與擴增實境,電腦視覺,高等UNIX程式設計,電腦動畫與特效,,,,
0640059,無線網路,數位遊戲與學習,虛擬實境與擴增實境,電腦視覺,高等UNIX程式設計,電腦動畫與特效,,,,
0640060,無線網路,數位遊戲與學習,虛擬實境與擴增實境,電腦視覺,高等UNIX程式設計,電腦動畫與特效,,,,
0640067,無線網路,數位遊戲與學習,虛擬實境與擴增實境,電腦視覺,高等UNIX程式設計,演算法,電腦動畫與特效,,,
0645014,無線網路,數位遊戲與學習,虛擬實境與擴增實境,電腦視覺,高等UNIX程式設計,電腦動畫與特效,,,,
0645016,無線網路,數位遊戲與學習,虛擬實境與擴增實境,電腦視覺,高等UNIX程式設計,電腦動畫與特效,,,,
0645017,無線網路,數位遊戲與學習,虛擬實境與擴增實境,電腦視覺,高等UNIX程式設計,電腦動畫與特效,,,,
0645018,無線網路,數位遊戲與學習,虛擬實境與擴增實境,電腦視覺,高等UNIX程式設計,電腦動畫與特效,,,,
0645019,無線網路,數位遊戲與學習,虛擬實境與擴增實境,電腦視覺,高等UNIX程式設計,電腦動畫與特效,,,,
0645020,無線網路,數位遊戲與學習,虛擬實境與擴增實境,電腦視覺,高等UNIX程式設計,電腦動畫與特效,,,,
0645098,無線網路,數位遊戲與學習,虛擬實境與擴增實境,電腦視覺,高等UNIX程式設計,電腦動畫與特效,,,,
0645113,無線網路,數位遊戲與學習,虛擬實境與擴增實境,電腦視覺,高等UNIX程式設計,電腦動畫與特效,,,,
0716001,無線網路,數位遊戲與學習,虛擬實境與擴增實境,電腦視覺,高等UNIX程式設計,電腦動畫與特效,,,,
0716002,無線網路,數位遊戲與學習,虛擬實境與擴增實境,電腦視覺,高等UNIX程式設計,電腦動畫與特效,,,,
0716003,無線網路,數位遊戲與學習,虛擬實境與擴增實境,電腦視覺,高等UNIX程式設計,電腦動畫與特效,,,,
0716004,無線網路,數位遊戲與學習,虛擬實境與擴增實境,電腦視覺,高等UNIX程式設計,電腦動畫與特效,,,,
0716005,無線網路,數位遊戲與學習,虛擬實境與擴增實境,電腦視覺,高等UNIX程式設計,電腦動畫與特效,,,,
0716006,無線網路,數位遊戲與學習,虛擬實境與擴增實境,電腦視覺,高等UNIX程式設計,電腦動畫與特效,,,,
0716007,無線網路,數位遊戲與學習,虛擬實境與擴增實境,電腦視覺,高等UNIX程式設計,電腦動畫與特效,,,,
0716008,無線網路,數位遊戲與學習,虛擬實境與擴增實境,電腦視覺,高等UNIX程式設計,電腦動畫與特效,,,,
0716009,無線網路,數位遊戲與學習,虛擬實境與擴增實境,電腦視覺,高等UNIX程式設計,電腦動畫與特效,,,,
0716010,無線網路,數位遊戲與學習,虛擬實境與擴增實境,電腦視覺,高等UNIX程式設計,電腦動畫與特效,,,,
0716011,無線網路,數位遊戲與學習,虛擬實境與擴增實境,電腦視覺,高等UNIX程式設計,電腦動畫與特效,,,,
0716012,無線網路,數位遊戲與學習,虛擬實境與擴增實境,電腦視覺,高等UNIX程式設計,電腦動畫與特效,,,,
0716013,無線網路,數位遊戲與學習,虛擬實境與擴增實境,電腦視覺,高等UNIX程式設計,電腦動畫與特效,,,,
0716014,無線網路,數位遊戲與學習,虛擬實境與擴增實境,電腦視覺,高等UNIX程式設計,電腦動畫與特效,,,,
0716015,無線網路,數位遊戲與學習,虛擬實境與擴增實境,電腦視覺,高等UNIX程式設計,電腦動畫與特效,,,,
0716016,無線網路,數位遊戲與學習,虛擬實境與擴增實境,電腦視覺,高等UNIX程式設計,電腦動畫與特效,,,,
0716017,無線網路,數位遊戲與學習,虛擬實境與擴增實境,電腦視覺,高等UNIX程式設計,電腦動畫與特效,,,,
0716018,無線網路,數位遊戲與學習,虛擬實境與擴增實境,電腦視覺,高等UNIX程式設計,電腦動畫與特效,,,,
0716019,無線網路,數位遊戲與學習,虛擬實境與擴增實境,電腦視覺,高等UNIX程式設計,電腦動畫與特效,,,,
0716020,無線網路,數位遊戲與學習,虛擬實境與擴增實境,電腦視覺,高等UNIX程式設計,電腦動畫與特效,,,,
0716021,無線網路,數位遊戲與學習,虛擬實境與擴增實境,電腦視覺,高等UNIX程式設計,電腦動畫與特效,,,,
0716022,無線網路,數位遊戲與學習,虛擬實境與擴增實境,電腦視覺,高等UNIX程式設計,電腦動畫與特效,,,,
0716023,無線網路,數位遊戲與學習,虛擬實境與擴增實境,電腦視覺,高等UNIX程式設計,電腦動畫與特效,,,,
0716024,無線網路,數位遊戲與學習,虛擬實境與擴增實境,電腦視覺,高等UNIX程式設計,電腦動畫與特效,,,,
0716025,無線網路,數位遊戲與學習,虛擬實境與擴增實境,電腦視覺,高等UNIX程式設計,電腦動畫與特效,,,,
0716026,無線網路,數位遊戲與學習,虛擬實境與擴增實境,電腦視覺,高等UNIX程式設計,電腦動畫與特效,,,,
0716027,無線網路,數位遊戲與學習,虛擬實境與擴增實境,電腦視覺,高等UNIX程式設計,電腦動畫與特效,,,,
0716028,無線網路,數位遊戲與學習,虛擬實境與擴增實境,電腦視覺,高等UNIX程式設計,電腦動畫與特效,,,,
0716029,無線網路,數位遊戲與學習,虛擬實境與擴增實境,電腦視覺,高等UNIX程式設計,電腦動畫與特效,,,,
0716030,無線網路,數位遊戲與學習,虛擬實境與擴增實境,電腦視覺,高等UNIX程式設計,電腦動畫與特效,,,,
0716031,無線網路,數位遊戲與學習,虛擬實境與擴增實境,電腦視覺,高等UNIX程式設計,電腦動畫與特效,,,,
0716032,無線網路,數位遊戲與學習,虛擬實境與擴增實境,電腦視覺,高等UNIX程式設計,電腦動畫與特效,,,,
0716033,無線網路,數位遊戲與學習,虛擬實境與擴增實境,電腦視覺,高等UNIX程式設計,電腦動畫與特效,,,,
0716034,無線網路,數位遊戲與學習,虛擬實境與擴增實境,電腦視覺,高等UNIX程式設計,電腦動畫與特效,,,,
0716035,無線網路,數位遊戲與學習,虛擬實境與擴增實境,電腦視覺,高等UNIX程式設計,電腦動畫與特效,,,,
0716036,無線網路,數位遊戲與學習,虛擬實境與擴增實境,電腦視覺,高等UNIX程式設計,電腦動畫與特效,,,,
0716037,無線網路,數位遊戲與學習,虛擬實境與擴增實境,電腦視覺,高等UNIX程式設計,電腦動畫與特效,,,,
0716038,無線網路,數位遊戲與學習,虛擬實境與擴增實境,電腦視覺,高等UNIX程式設計,電腦動畫與特效,,,,
0716039,無線網路,數位遊戲與學習,虛擬實境與擴增實境,電腦視覺,高等UNIX程式設計,電腦動畫與特效,,,,
0716040,無線網路,數位遊戲與學習,虛擬實境與擴增實境,電腦視覺,高等UNIX程式設計,電腦動畫與特效,,,,
0716041,無線網路,數位遊戲與學習,虛擬實境與擴增實境,電腦視覺,高等UNIX程式設計,電腦動畫與特效,,,,
0716042,無線網路,數位遊戲與學習,虛擬實境與擴增實境,電腦視覺,高等UNIX程式設計,電腦動畫與特效,,,,
0716043,無線網路,數位遊戲與學習,虛擬實境與擴增實境,電腦視覺,高等UNIX程式設計,電腦動畫與特效,,,,
0716044,無線網路,數位遊戲與學習,虛擬實境與擴增實境,電腦視覺,高等UNIX程式設計,電腦動畫與特效,,,,
0716045,無線網路,數位遊戲與學習,虛擬實境與擴增實境,電腦視覺,高等UNIX程式設計,電腦動畫與特效,,,,
0716046,無線網路,數位遊戲與學習,虛擬實境與擴增實境,電腦視覺,高等UNIX程式設計,電腦動畫與特效,,,,
0716047,無線網路,數位遊戲與學習,虛擬實境與擴增實境,電腦視覺,高等UNIX程式設計,電腦動畫與特效,,,,
0716048,無線網路,數位遊戲與學習,虛擬實境與擴增實境,電腦視覺,高等UNIX程式設計,電腦動畫與特效,,,,
0716049,無線網路,數位遊戲與學習,虛擬實境與擴增實境,電腦視覺,高等UNIX程式設計,電腦動畫與特效,,,,
0716050,無線網路,數位遊戲與學習,虛擬實境與擴增實境,電腦視覺,高等UNIX程式設計,電腦動畫與特效,,,,
0716051,無線網路,數位遊戲與學習,虛擬實境與擴增實境,電腦視覺,高等UNIX程式設計,電腦動畫與特效,,,,
0716052,無線網路,數位遊戲與學習,虛擬實境與擴增實境,電腦視覺,高等UNIX程式設計,電腦動畫與特效,,,,
0716053,無線網路,數位遊戲與學習,虛擬實境與擴增實境,電腦視覺,高等UNIX程式設計,電腦動畫與特效,,,,
0716054,無線網路,數位遊戲與學習,虛擬實境與擴增實境,電腦視覺,高等UNIX程式設計,電腦動畫與特效,,,,
0716055,無線網路,數位遊戲與學習,虛擬實境與擴增實境,電腦視覺,高等UNIX程式設計,電腦動畫與特效,,,,
0716056,無線網路,數位遊戲與學習,虛擬實境與擴增實境,電腦視覺,高等UNIX程式設計,電腦動畫與特效,,,,
0716057,無線網路,數位遊戲與學習,虛擬實境與擴增實境,電腦視覺,高等UNIX程式設計,電腦動畫與特效,,,,
0716058,無線網路,數位遊戲與學習,虛擬實境與擴增實境,電腦視覺,高等UNIX程式設計,電腦動畫與特效,,,,
0716059,無線網路,數位遊戲與學習,虛擬實境與擴增實境,電腦視覺,高等UNIX程式設計,電腦動畫與特效,,,,
0716060,無線網路,數位遊戲與學習,虛擬實境與擴增實境,電腦視覺,高等UNIX程式設計,電腦動畫與特效,,,,
0716061,無線網路,數位遊戲與學習,虛擬實境與擴增實境,電腦視覺,高等UNIX程式設計,電腦動畫與特效,,,,
0716062,無線網路,數位遊戲與學習,虛擬實境與擴增實境,電腦視覺,高等UNIX程式設計,電腦動畫與特效,,,,
0716063,無線網路,數位遊戲與學習,虛擬實境與擴增實境,電腦視覺,高等UNIX程式設計,電腦動畫與特效,,,,
0716064,無線網路,數位遊戲與學習,虛擬實境與擴增實境,電腦視覺,高等UNIX程式設計,電腦動畫與特效,,,,
0716065,無線網路,數位遊戲與學習,虛擬實境與擴增實境,電腦視覺,高等UNIX程式設計,電腦動畫與特效,,,,
0716066,無線網路,數位遊戲與學習,虛擬實境與擴增實境,電腦視覺,高等UNIX程式設計,電腦動畫與特效,,,,
0716067,無線網路,數位遊戲與學習,虛擬實境與擴增實境,電腦視覺,高等UNIX程式設計,電腦動畫與特效,,,,
0716068,無線網路,數位遊戲與學習,虛擬實境與擴增實境,電腦視覺,高等UNIX程式設計,電腦動畫與特效,,,,
0716070,無線網路,數位遊戲與學習,虛擬實境與擴增實境,電腦視覺,高等UNIX程式設計,電腦動畫與特效,,,,
0716071,無線網路,數位遊戲與學習,虛擬實境與擴增實境,電腦視覺,高等UNIX程式設計,電腦動畫與特效,,,,
0716072,無線網路,數位遊戲與學習,虛擬實境與擴增實境,電腦視覺,高等UNIX程式設計,電腦動畫與特效,,,,
0716073,無線網路,數位遊戲與學習,虛擬實境與擴增實境,電腦視覺,高等UNIX程式設計,電腦動畫與特效,,,,
0716074,無線網路,數位遊戲與學習,虛擬實境與擴增實境,電腦視覺,高等UNIX程式設計,電腦動畫與特效,,,,
0716075,無線網路,數位遊戲與學習,虛擬實境與擴增實境,電腦視覺,高等UNIX程式設計,電腦動畫與特效,,,,
0716076,無線網路,數位遊戲與學習,虛擬實境與擴增實境,電腦視覺,高等UNIX程式設計,電腦動畫與特效,,,,
0716077,無線網路,數位遊戲與學習,虛擬實境與擴增實境,電腦視覺,高等UNIX程式設計,電腦動畫與特效,,,,
0716078,無線網路,數位遊戲與學習,虛擬實境與擴增實境,電腦視覺,高等UNIX程式設計,電腦動畫與特效,,,,
0716079,無線網路,數位遊戲與學習,虛擬實境與擴增實境,電腦視覺,高等UNIX程式設計,電腦動畫與特效,,,,
0716080,無線網路,數位遊戲與學習,虛擬實境與擴增實境,電腦視覺,高等UNIX程式設計,電腦動畫與特效,,,,
0716081,無線網路,數位遊戲與學習,虛擬實境與擴增實境,電腦視覺,高等UNIX程式設計,電腦動畫與特效,,,,
0716082,無線網路,數位遊戲與學習,虛擬實境與擴增實境,電腦視覺,高等UNIX程式設計,電腦動畫與特效,,,,
0716083,無線網路,數位遊戲與學習,虛擬實境與擴增實境,電腦視覺,高等UNIX程式設計,電腦動畫與特效,,,,
0716084,無線網路,數位遊戲與學習,虛擬實境與擴增實境,電腦視覺,高等UNIX程式設計,電腦動畫與特效,,,,
0716085,無線網路,數位遊戲與學習,虛擬實境與擴增實境,電腦視覺,高等UNIX程式設計,電腦動畫與特效,,,,
0716086,無線網路,數位遊戲與學習,虛擬實境與擴增實境,電腦視覺,高等UNIX程式設計,電腦動畫與特效,,,,
0716087,無線網路,數位遊戲與學習,虛擬實境與擴增實境,電腦視覺,高等UNIX程式設計,電腦動畫與特效,,,,
0716088,無線網路,數位遊戲與學習,虛擬實境與擴增實境,電腦視覺,高等UNIX程式設計,電腦動畫與特效,,,,
0716089,無線網路,數位遊戲與學習,虛擬實境與擴增實境,電腦視覺,高等UNIX程式設計,電腦動畫與特效,,,,
0716090,無線網路,數位遊戲與學習,虛擬實境與擴增實境,電腦視覺,高等UNIX程式設計,電腦動畫與特效,,,,
0716091,無線網路,數位遊戲與學習,虛擬實境與擴增實境,電腦視覺,高等UNIX程式設計,電腦動畫與特效,,,,
0716092,無線網路,數位遊戲與學習,虛擬實境與擴增實境,電腦視覺,高等UNIX程式設計,電腦動畫與特效,,,,
0716094,無線網路,數位遊戲與學習,虛擬實境與擴增實境,電腦視覺,高等UNIX程式設計,電腦動畫與特效,,,,
0716096,無線網路,數位遊戲與學習,虛擬實境與擴增實境,電腦視覺,高等UNIX程式設計,電腦動畫與特效,,,,
0716098,無線網路,數位遊戲與學習,虛擬實境與擴增實境,電腦視覺,高等UNIX程式設計,電腦動畫與特效,,,,
0716100,無線網路,數位遊戲與學習,虛擬實境與擴增實境,電腦視覺,高等UNIX程式設計,電腦動畫與特效,,,,
0716101,無線網路,數位遊戲與學習,虛擬實境與擴增實境,電腦視覺,高等UNIX程式設計,電腦動畫與特效,,,,
0716103,無線網路,數位遊戲與學習,虛擬實境與擴增實境,電腦視覺,高等UNIX程式設計,電腦動畫與特效,,,,
0716104,無線網路,數位遊戲與學習,虛擬實境與擴增實境,電腦視覺,高等UNIX程式設計,電腦動畫與特效,,,,
0716105,無線網路,數位遊戲與學習,虛擬實境與擴增實境,電腦視覺,高等UNIX程式設計,電腦動畫與特效,,,,
0716106,無線網路,數位遊戲與學習,虛擬實境與擴增實境,電腦視覺,高等UNIX程式設計,電腦動畫與特效,,,,
0716107,無線網路,數位遊戲與學習,虛擬實境與擴增實境,電腦視覺,高等UNIX程式設計,電腦動畫與特效,,,,
0716108,無線網路,數位遊戲與學習,虛擬實境與擴增實境,電腦視覺,高等UNIX程式設計,電腦動畫與特效,,,,
0716109,無線網路,數位遊戲與學習,虛擬實境與擴增實境,電腦視覺,高等UNIX程式設計,電腦動畫與特效,,,,
0716110,無線網路,數位遊戲與學習,虛擬實境與擴增實境,電腦視覺,高等UNIX程式設計,電腦動畫與特效,,,,
0716111,無線網路,數位遊戲與學習,虛擬實境與擴增實境,電腦視覺,高等UNIX程式設計,電腦動畫與特效,,,,
0716112,無線網路,數位遊戲與學習,虛擬實境與擴增實境,電腦視覺,高等UNIX程式設計,電腦動畫與特效,,,,
0716113,無線網路,數位遊戲與學習,虛擬實境與擴增實境,電腦視覺,高等UNIX程式設計,電腦動畫與特效,,,,
0716114,無線網路,數位遊戲與學習,虛擬實境與擴增實境,電腦視覺,高等UNIX程式設計,電腦動畫與特效,,,,
0716115,無線網路,數位遊戲與學習,虛擬實境與擴增實境,電腦視覺,高等UNIX程式設計,電腦動畫與特效,,,,
0716201,無線網路,數位遊戲與學習,虛擬實境與擴增實境,電腦視覺,高等UNIX程式設計,電腦動畫與特效,,,,
0716202,無線網路,數位遊戲與學習,虛擬實境與擴增實境,電腦視覺,高等UNIX程式設計,電腦動畫與特效,,,,
0716203,無線網路,數位遊戲與學習,虛擬實境與擴增實境,電腦視覺,高等UNIX程式設計,電腦動畫與特效,,,,
0716204,無線網路,數位遊戲與學習,虛擬實境與擴增實境,電腦視覺,高等UNIX程式設計,電腦動畫與特效,,,,
0716205,無線網路,數位遊戲與學習,虛擬實境與擴增實境,電腦視覺,高等UNIX程式設計,電腦動畫與特效,,,,
0716206,無線網路,數位遊戲與學習,虛擬實境與擴增實境,電腦視覺,高等UNIX程式設計,電腦動畫與特效,,,,
0716207,無線網路,數位遊戲與學習,虛擬實境與擴增實境,電腦視覺,高等UNIX程式設計,電腦動畫與特效,,,,
0716208,無線網路,數位遊戲與學習,虛擬實境與擴增實境,電腦視覺,高等UNIX程式設計,電腦動畫與特效,,,,
0716209,無線網路,數位遊戲與學習,虛擬實境與擴增實境,電腦視覺,高等UNIX程式設計,電腦動畫與特效,,,,
0716210,無線網路,數位遊戲與學習,虛擬實境與擴增實境,電腦視覺,高等UNIX程式設計,電腦動畫與特效,,,,
0716211,無線網路,數位遊戲與學習,虛擬實境與擴增實境,電腦視覺,高等UNIX程式設計,電腦動畫與特效,,,,
0716212,無線網路,數位遊戲與學習,虛擬實境與擴增實境,電腦視覺,高等UNIX程式設計,電腦動畫與特效,,,,
0716213,無線網路,數位遊戲與學習,虛擬實境與擴增實境,電腦視覺,高等UNIX程式設計,電腦動畫與特效,,,,
0716214,無線網路,數位遊戲與學習,虛擬實境與擴增實境,電腦視覺,高等UNIX程式設計,電腦動畫與特效,,,,
0716215,無線網路,數位遊戲與學習,虛擬實境與擴增實境,電腦視覺,高等UNIX程式設計,電腦動畫與特效,,,,
0716216,無線網路,數位遊戲與學習,虛擬實境與擴增實境,電腦視覺,高等UNIX程式設計,電腦動畫與特效,,,,
0716217,無線網路,數位遊戲與學習,虛擬實境與擴增實境,電腦視覺,高等UNIX程式設計,電腦動畫與特效,,,,
0716218,無線網路,數位遊戲與學習,虛擬實境與擴增實境,電腦視覺,高等UNIX程式設計,電腦動畫與特效,,,,
0716219,無線網路,數位遊戲與學習,虛擬實境與擴增實境,電腦視覺,高等UNIX程式設計,電腦動畫與特效,,,,
0716220,無線網路,數位遊戲與學習,虛擬實境與擴增實境,電腦視覺,高等UNIX程式設計,電腦動畫與特效,,,,
0716221,無線網路,數位遊戲與學習,虛擬實境與擴增實境,電腦視覺,高等UNIX程式設計,電腦動畫與特效,,,,
0716222,無線網路,數位遊戲與學習,虛擬實境與擴增實境,電腦視覺,高等UNIX程式設計,電腦動畫與特效,,,,
0716223,無線網路,數位遊戲與學習,虛擬實境與擴增實境,電腦視覺,高等UNIX程式設計,電腦動畫與特效,,,,
0716224,無線網路,數位遊戲與學習,虛擬實境與擴增實境,電腦視覺,高等UNIX程式設計,電腦動畫與特效,,,,
0716225,無線網路,數位遊戲與學習,虛擬實境與擴增實境,電腦視覺,高等UNIX程式設計,電腦動畫與特效,,,,
0716226,無線網路,數位遊戲與學習,虛擬實境與擴增實境,電腦視覺,高等UNIX程式設計,電腦動畫與特效,,,,
0716227,無線網路,數位遊戲與學習,虛擬實境與擴增實境,電腦視覺,高等UNIX程式設計,電腦動畫與特效,,,,
0716228,無線網路,數位遊戲與學習,虛擬實境與擴增實境,電腦視覺,高等UNIX程式設計,電腦動畫與特效,,,,
0716229,無線網路,數位遊戲與學習,虛擬實境與擴增實境,電腦視覺,高等UNIX程式設計,電腦動畫與特效,,,,
0716230,無線網路,數位遊戲與學習,虛擬實境與擴增實境,電腦視覺,高等UNIX程式設計,電腦動畫與特效,,,,
0716231,無線網路,數位遊戲與學習,虛擬實境與擴增實境,電腦視覺,高等UNIX程式設計,電腦動畫與特效,,,,
0716232,無線網路,數位遊戲與學習,虛擬實境與擴增實境,電腦視覺,高等UNIX程式設計,電腦動畫與特效,,,,
0716233,無線網路,數位遊戲與學習,虛擬實境與擴增實境,電腦視覺,高等UNIX程式設計,電腦動畫與特效,,,,
0716234,無線網路,數位遊戲與學習,虛擬實境與擴增實境,電腦視覺,高等UNIX程式設計,電腦動畫與特效,,,,
0716235,無線網路,數位遊戲與學習,虛擬實境與擴增實境,電腦視覺,高等UNIX程式設計,電腦動畫與特效,,,,
0716236,無線網路,數位遊戲與學習,虛擬實境與擴增實境,電腦視覺,高等UNIX程式設計,電腦動畫與特效,,,,
0716237,無線網路,數位遊戲與學習,虛擬實境與擴增實境,電腦視覺,高等UNIX程式設計,電腦動畫與特效,,,,
0716238,無線網路,數位遊戲與學習,虛擬實境與擴增實境,電腦視覺,高等UNIX程式設計,電腦動畫與特效,,,,
0716239,無線網路,數位遊戲與學習,虛擬實境與擴增實境,電腦視覺,高等UNIX程式設計,電腦動畫與特效,,,,
0716240,無線網路,數位遊戲與學習,虛擬實境與擴增實境,電腦視覺,高等UNIX程式設計,電腦動畫與特效,,,,
0716241,無線網路,數位遊戲與學習,虛擬實境與擴增實境,電腦視覺,高等UNIX程式設計,電腦動畫與特效,,,,
0716242,無線網路,數位遊戲與學習,虛擬實境與擴增實境,電腦視覺,高等UNIX程式設計,電腦動畫與特效,,,,
0716243,無線網路,數位遊戲與學習,虛擬實境與擴增實境,電腦視覺,高等UNIX程式設計,電腦動畫與特效,,,,
0716245,無線網路,數位遊戲與學習,虛擬實境與擴增實境,電腦視覺,高等UNIX程式設計,電腦動畫與特效,,,,
0716246,無線網路,數位遊戲與學習,虛擬實境與擴增實境,電腦視覺,高等UNIX程式設計,電腦動畫與特效,,,,
0716247,無線網路,數位遊戲與學習,虛擬實境與擴增實境,電腦視覺,高等UNIX程式設計,電腦動畫與特效,,,,
0716248,無線網路,數位遊戲與學習,虛擬實境與擴增實境,電腦視覺,高等UNIX程式設計,電腦動畫與特效,,,,
0716249,無線網路,數位遊戲與學習,虛擬實境與擴增實境,電腦視覺,高等UNIX程式設計,電腦動畫與特效,,,,
0716250,無線網路,數位遊戲與學習,虛擬實境與擴增實境,電腦視覺,高等UNIX程式設計,電腦動畫與特效,,,,
0716301,無線網路,數位遊戲與學習,虛擬實境與擴增實境,電腦視覺,高等UNIX程式設計,電腦動畫與特效,,,,
0716302,無線網路,數位遊戲與學習,虛擬實境與擴增實境,電腦視覺,高等UNIX程式設計,電腦動畫與特效,,,,
0716303,無線網路,數位遊戲與學習,虛擬實境與擴增實境,電腦視覺,高等UNIX程式設計,電腦動畫與特效,,,,
0716304,無線網路,數位遊戲與學習,虛擬實境與擴增實境,電腦視覺,高等UNIX程式設計,電腦動畫與特效,,,,
0716305,無線網路,數位遊戲與學習,虛擬實境與擴增實境,電腦視覺,高等UNIX程式設計,電腦動畫與特效,,,,
0716306,無線網路,數位遊戲與學習,虛擬實境與擴增實境,電腦視覺,高等UNIX程式設計,電腦動畫與特效,,,,
0716307,無線網路,數位遊戲與學習,虛擬實境與擴增實境,電腦視覺,高等UNIX程式設計,電腦動畫與特效,,,,
0716308,無線網路,數位遊戲與學習,虛擬實境與擴增實境,電腦視覺,高等UNIX程式設計,電腦動畫與特效,,,,
0716309,無線網路,數位遊戲與學習,虛擬實境與擴增實境,電腦視覺,高等UNIX程式設計,電腦動畫與特效,,,,
0716310,無線網路,數位遊戲與學習,虛擬實境與擴增實境,電腦視覺,高等UNIX程式設計,電腦動畫與特效,,,,
0716311,無線網路,數位遊戲與學習,虛擬實境與擴增實境,電腦視覺,高等UNIX程式設計,電腦動畫與特效,,,,
0716312,無線網路,數位遊戲與學習,虛擬實境與擴增實境,電腦視覺,高等UNIX程式設計,電腦動畫與特效,,,,
0716313,無線網路,數位遊戲與學習,虛擬實境與擴增實境,電腦視覺,高等UNIX程式設計,電腦動畫與特效,,,,
0716314,無線網路,數位遊戲與學習,虛擬實境與擴增實境,電腦視覺,高等UNIX程式設計,電腦動畫與特效,,,,
0716315,無線網路,數位遊戲與學習,虛擬實境與擴增實境,電腦視覺,高等UNIX程式設計,電腦動畫與特效,,,,
0716316,無線網路,數位遊戲與學習,虛擬實境與擴增實境,電腦視覺,高等UNIX程式設計,電腦動畫與特效,,,,
0716317,無線網路,數位遊戲與學習,虛擬實境與擴增實境,電腦視覺,高等UNIX程式設計,電腦動畫與特效,,,,
0716318,無線網路,數位遊戲與學習,虛擬實境與擴增實境,電腦視覺,高等UNIX程式設計,電腦動畫與特效,,,,
0716319,無線網路,數位遊戲與學習,虛擬實境與擴增實境,電腦視覺,高等UNIX程式設計,電腦動畫與特效,,,,
0716320,無線網路,數位遊戲與學習,虛擬實境與擴增實境,電腦視覺,高等UNIX程式設計,電腦動畫與特效,,,,
0716321,無線網路,數位遊戲與學習,虛擬實境與擴增實境,電腦視覺,高等UNIX程式設計,電腦動畫與特效,,,,
0716323,無線網路,數位遊戲與學習,虛擬實境與擴增實境,電腦視覺,高等UNIX程式設計,電腦動畫與特效,,,,
0716324,無線網路,數位遊戲與學習,虛擬實境與擴增實境,電腦視覺,高等UNIX程式設計,電腦動畫與特效,,,,
0716325,無線網路,數位遊戲與學習,虛擬實境與擴增實境,電腦視覺,高等UNIX程式設計,電腦動畫與特效,,,,
0716326,無線網路,數位遊戲與學習,虛擬實境與擴增實境,電腦視覺,高等UNIX程式設計,電腦動畫與特效,,,,
0716327,無線網路,數位遊戲與學習,虛擬實境與擴增實境,電腦視覺,高等UNIX程式設計,電腦動畫與特效,,,,
0716328,無線網路,數位遊戲與學習,虛擬實境與擴增實境,電腦視覺,高等UNIX程式設計,電腦動畫與特效,,,,
0716329,無線網路,數位遊戲與學習,虛擬實境與擴增實境,電腦視覺,高等UNIX程式設計,電腦動畫與特效,,,,
0716330,無線網路,數位遊戲與學習,虛擬實境與擴增實境,電腦視覺,高等UNIX程式設計,電腦動畫與特效,,,,
0716331,無線網路,數位遊戲與學習,虛擬實境與擴增實境,電腦視覺,高等UNIX程式設計,電腦動畫與特效,,,,
0716332,無線網路,數位遊戲與學習,虛擬實境與擴增實境,電腦視覺,高等UNIX程式設計,電腦動畫與特效,,,,
0716335,無線網路,數位遊戲與學習,虛擬實境與擴增實境,電腦視覺,高等UNIX程式設計,電腦動畫與特效,,,,
0716336,無線網路,數位遊戲與學習,虛擬實境與擴增實境,電腦視覺,高等UNIX程式設計,電腦動畫與特效,,,,
0716337,無線網路,數位遊戲與學習,虛擬實境與擴增實境,電腦視覺,高等UNIX程式設計,電腦動畫與特效,,,,
310854,無線網路,數位遊戲與學習,虛擬實境與擴增實境,電腦視覺,高等UNIX程式設計,電腦動畫與特效,,,,
410766,無線網路,數位遊戲與學習,虛擬實境與擴增實境,電腦視覺,高等UNIX程式設計,電腦動畫與特效,,,,
410858,無線網路,數位遊戲與學習,虛擬實境與擴增實境,電腦視覺,高等UNIX程式設計,電腦動畫與特效,,,,
9816112,無線網路,數位遊戲與學習,虛擬實境與擴增實境,高等UNIX程式設計,電腦視覺,電腦動畫與特效,作業系統設計與實作,使用者經驗與易用性評估,演算法,人工智慧
9917030,無線網路,虛擬實境與擴增實境,電腦動畫與特效,電腦視覺,高等UNIX程式設計,演算法,使用者經驗與易用性評估,作業系統設計與實作,人工智慧,演化計算
9917164,無線網路,數位遊戲與學習,虛擬實境與擴增實境,電腦視覺,高等UNIX程式設計,電腦動畫與特效,作業系統設計與實作,演算法,使用者經驗與易用性評估,人工智慧
9917251,無線網路,數位遊戲與學習,虛擬實境與擴增實境,電腦視覺,高等UNIX程式設計,電腦動畫與特效,作業系統設計與實作,使用者經驗與易用性評估,演算法,人工智慧
